FEN,Predicted_Evaluation
r2q1rk1/pb3pbp/1ppp1np1/2nPp3/4P3/2P1B2P/PPBNNPP1/R2Q1RK1 w - - 0 12,-5.054074
r7/ppQ1n2p/2n1k1p1/1N1p1q2/1P1P4/2P3P1/P7/2K5 b - - 0 24,-785.41797
r1bq1rk1/ppp1bppp/2n2n2/3Pp3/2B5/2PP1N1P/PP3PP1/RNBQK2R b KQ - 0 7,-53.21252
6k1/R2b2r1/8/7R/2PPP3/8/7P/5K2 b - - 0 42,482.6018
r4r2/pp4pp/k1nQ1q2/5P2/2B5/8/P5PP/1R3RK1 b - - 4 27,245.48071
2k5/ppp5/7N/5pp1/7n/2P2P2/PP2KP1P/8 b - - 0 24,122.74292
6k1/8/p4P1p/6p1/P4pP1/3b1P1P/q1r2QK1/8 w - - 7 56,-861.8156
8/8/1K6/8/2P5/8/8/qk1Q4 b - - 1 60,429.55847
r5k1/pp3ppp/8/1BpPrb2/8/2P1P3/P4PPP/R3K2R w KQ - 0 17,-3.1271937
r4r1k/pp3p1p/4qp1Q/8/2pP3N/2Pn2R1/P5PP/5RK1 b - - 7 24,8.204716
8/8/2p4R/3k2p1/8/1PPP3P/r4PP1/6K1 w - - 0 41,456.0111
rn1qkbnr/1p3p2/p1p1p1pp/3pP3/3P1P2/2PQ1N2/PP4PP/RNB1K2R w KQkq - 0 9,-3.434933
1r3rk1/4bppp/2p1pn2/3p4/1PnP4/2P1PN1P/RB3PP1/1N2K2R w K - 7 20,-12.963619
8/1rpk1ppp/2np4/8/p7/3P1P2/PPR2KPP/8 b - - 1 28,-424.08398
rn2k2r/pp1q1pbp/4p1p1/3p4/3Pn3/2P1BQ2/PP3PPP/RN2K1NR b KQkq - 4 11,-89.99548
rn1q1rk1/pp2bpp1/2pp3p/5P2/8/PB6/1PP2PPP/R1BQ1RK1 b - - 1 13,32.72742
2r2rk1/pp1q1ppp/2nbpn2/8/3P4/P1NQ1N1P/1P3PP1/R1B1R1K1 b - - 0 14,-30.372921
r4rk1/pp1q1ppp/3bpn2/1B1p2B1/3n4/2N2Q2/PPP2PPP/R4RK1 w - - 0 12,-109.94165
r5k1/pp4p1/1np1b2p/4p3/1P2P3/P1NP4/2P1KN2/r7 b - - 3 25,-1137.439
5rk1/p4ppp/b3p3/8/2pPn3/4P1P1/Pq3P1P/3R2K1 b - - 4 24,-1310.5077
r4rk1/1bpnqp1p/p2p1np1/1p6/4P3/2NB2QP/PPP2PP1/R1B2RK1 w - - 0 13,59.865116
rn2k1nr/3qb1pp/2pp4/1p2pp2/p3P3/P1NPBN2/RPP2PPP/3QK2R w Kkq - 0 12,35.95667
6r1/7k/p1np3p/1ppp1qbP/3P4/1PP5/PB1NN3/2KQ4 w - - 5 31,-360.43127
rnbb1k1r/pp3pQp/3qp3/2p5/2P5/1P3N2/PB1PBPPP/R4RK1 b - - 0 13,284.5448
5rk1/ppp3pp/8/5q2/5B2/2P3P1/P5KP/R7 b - - 3 31,-629.625
7k/r6p/2p1r1p1/1bPpPp2/p2PqP2/4B3/PR1Q2RP/6K1 w - - 2 29,-63.57989
4r1k1/1b3pp1/5n1p/b1pPR3/p1P2N2/1P4PP/PB6/2K2R2 b - - 0 25,214.776
rn1qk1nr/pp4bp/2ppbpp1/4p3/8/1P1PP3/PBPNBPPP/R2QK1NR w KQkq - 2 9,-32.861935
r6k/p5p1/6p1/3PR3/2p5/P2b2P1/1B3PKP/8 w - - 0 34,83.0894
r4rk1/p5pp/1p2np2/2p1p2q/1P6/2PP2QP/P2B1PP1/R1R3K1 b - - 0 23,-70.19177
r2qkbnr/pppbpppp/8/1B1pn3/8/5N2/PPPN1PPP/R1BQ1RK1 w kq - 0 9,-39.10876
8/ppk2ppp/2p2n2/5b2/1PP2P2/P1N1K2P/6B1/8 b - - 2 23,-168.94836
8/6B1/p1k2N2/1p5b/4P3/2nP4/P1P2P1P/R3K3 w Q - 0 27,575.548
3r2k1/5pp1/2p1p2p/1bPq4/3r4/Q2n2RP/R5PK/8 b - - 5 40,-964.54285
2R5/8/8/2P2rp1/8/P1B3kb/1P6/6K1 w - - 5 39,168.078
r3q2k/ppQR4/5bp1/4n2p/6B1/8/PPP2PPP/1K2R3 b - - 0 25,453.2821
8/8/3p4/1K1P4/3k1b2/8/8/4q3 w - - 0 88,-2772.582
2kr1b1r/ppp2ppp/2n1p1q1/3pNb2/3Pn3/1QP3P1/PP1NPPBP/R1B1R1K1 b - - 10 12,46.573856
7r/p4kp1/1qp1bnQp/8/1Pnr4/8/P1B3PP/RNB2RK1 b - - 1 19,-53.941647
r4rk1/p1p2ppp/7q/3B4/8/1Q4P1/PPP2P1P/1K5R b - - 0 18,-91.704956
4k3/R7/6p1/5PBp/4K2P/8/8/8 b - - 0 56,766.64856
r1b1k2r/pp2bppp/2n1pn2/2pp2B1/3P4/2P2QPN/P3PPBP/qN2K2R w Kkq - 0 10,-529.4689
8/p3kp2/4p3/2n2r1p/B2R4/2P2P2/5P1P/5K2 w - - 3 31,-12.733517
r4rk1/bp2nppp/p7/4Pb1q/P1PPN2P/4P3/1BQ3BP/R4RK1 b - - 0 21,15.137577
rnbqkb1Q/pppp4/5pp1/4p3/2PP4/8/PP3PPP/RNB1KB1R b KQq - 0 10,549.7267
r2q1rk1/ppp1bppp/3pbnn1/1P2p3/P3P3/2PP1PP1/1B5P/RN1QKBNR w KQ - 1 10,-121.40881
2kr4/2p1p2p/1q4p1/4b3/P5P1/1P3Q1P/2B2PK1/8 w - - 4 31,-461.44067
r4r2/2p1k1pQ/p1nqpbBp/1p1n4/3P4/P1N1P1P1/1P3P1P/R1B2RK1 w - - 7 21,216.61304
1rr5/3n1pk1/2q1b2p/p2p2pP/1P1R2P1/2P1Q3/1P2PPB1/2K4R w - - 0 30,-316.6023
r7/3k1ppp/4p3/Rp3b2/2pP4/2P1B2P/5PP1/5RK1 b - - 0 24,528.537
1K6/2P5/8/8/3q4/6k1/8/7q b - - 1 65,-951.5558
r4rk1/1p1bqppp/p2ppn2/2p5/2B1P3/P1NP1Q1N/1PP2PPP/R3K2R b KQ - 3 14,231.52783
rnbqkbnr/pppp1p1p/4p1p1/8/3P4/4PN2/PPP2PPP/RNBQKB1R b KQkq - 0 3,17.961796
rn1qkbnr/pp2pppp/2p5/4Pb2/3p1P2/3P4/PPP3PP/RNBQKBNR w KQkq - 0 5,-102.496216
3r4/5pkp/p7/1pn5/4p3/P6P/6P1/1R1B2K1 b - - 0 32,-356.0168
3q4/2pkn3/4p3/3p4/1p6/4PQ2/2P2KP1/1r5r b - - 3 27,-1304.0831
8/5K2/6P1/p7/8/8/P1pk4/8 b - - 2 50,-156.7843
1k1r2nr/1bpnqpb1/pp1pp1pp/8/2PPPP2/2NBBN2/PP1Q2PP/2R1R1K1 w - - 8 13,125.733765
r4r2/1R1R1p2/p4kpp/1p2p3/5KPP/8/PP3P2/8 w - - 0 36,45.176273
r2qk1nr/p4ppp/2p1b3/2bp4/8/2N1P3/PP3PPP/R1BQK1NR w KQkq - 0 9,-60.881466
r4rk1/pp1n3p/2p1b3/4Ppp1/2P4q/3B1QB1/P4PPP/R3R1K1 b - - 1 17,108.9574
8/5k2/7K/5PP1/8/8/8/8 b - - 0 45,373.5902
rn2r3/ppp2kpp/8/2P2p2/1P1Pn3/3B1P2/1P4PP/R1B2RK1 b - - 0 16,201.92596
2bk1r2/p1qn2pp/1p6/6P1/1PB1QP2/P1K1B3/7P/nN2R3 b - - 4 25,376.24976
rn1qk2r/pbpp1ppp/1p2p3/4P3/2PP4/3P1N2/P2Q1PPP/R1B1K2R b KQkq - 0 10,20.325565
rnbqk2r/pp2bppp/4pn2/2pp4/3P4/2P2NP1/PP2PPBP/RNBQ1RK1 w kq - 0 7,-24.07336
r3k2r/1b1qnp2/n1p1pBp1/1p1pP2p/p2P3Q/P1PB3P/1P3PPN/R4RK1 b kq - 5 17,371.38443
3r1rk1/pb3p2/2p1p1pp/1p6/2P1R3/3B4/q4PPP/1R1Q2K1 w - - 0 21,-282.029
rnbqkbnr/ppp1p2p/6p1/3pPp2/3P4/8/PPP2PPP/RNBQKBNR w KQkq - 0 4,50.175907
r3kb1r/pppq1ppp/3p1n2/4p3/3NP3/2N5/PPP2PPP/R1BQ1RK1 b kq - 0 8,177.4237
8/8/r4k2/8/5K2/p7/R7/8 b - - 1 75,33.384647
3rnr1k/p1qb2bp/1pn2pp1/4p3/2BP4/PNP2NB1/1P4PP/2RQR1K1 w - - 2 19,27.654545
r3k2r/3bbppp/1R2p3/3pP3/P1q4P/2N5/3Q1PP1/4K2R b Kkq - 0 22,-525.2266
8/p4qpk/7p/8/8/1P2P1P1/P4PKP/8 b - - 1 27,-498.63672
2rqnrk1/pb1nbppp/1pppp3/6P1/PPPP1P1P/4P3/6B1/RNBQK1NR b KQ - 0 12,-111.349976
8/8/3p3k/R2Pn2r/1P2b2P/PB4P1/3K4/8 w - - 1 48,180.3324
r2r1n2/1p2kp2/1pp1b2p/4P1p1/1PP5/P2B2BP/6P1/R2R2K1 w - - 4 22,70.41626
2r1r1k1/p4ppp/1p1B4/8/8/2P5/P1P2PPP/R3R1K1 b - - 0 19,431.13086
r1b2rk1/pp2qp1p/2p2npQ/6B1/4PPn1/2N3P1/PP4BP/3R1RK1 w - - 1 21,150.59229
3r1rk1/p4p1p/4b3/1pp4P/3n4/7R/PP4P1/1K2R1N1 w - - 2 22,-620.74146
r1bk3r/pp1n1pb1/2p4p/4p1pn/4P3/2PB1NB1/PP3PPP/RN2K2R w KQ - 2 13,-20.28149
8/8/2R3k1/P7/7p/r3B3/4K3/8 b - - 1 45,414.02075
2q1k1nr/p4bpp/1n1p1b2/1P2pp2/1P1P4/2B1P1P1/4NPBP/Q4RK1 b k - 0 20,-125.596466
8/6p1/8/8/6r1/1pk3p1/6R1/K7 b - - 3 52,-615.9657
r1b3k1/2p2r1p/p5p1/1p2q3/8/P1N5/1P4PP/2RQ1R1K w - - 0 20,-81.9281
8/2R3pk/5p1p/4r2P/6P1/5K2/8/8 b - - 0 43,-74.27649
8/5p1k/6p1/3pPB2/3r4/5PK1/8/8 w - - 0 52,-390.0116
8/p4k2/5p2/P2P1P2/7q/2K5/5P2/1rN5 b - - 0 46,-918.67004
7r/pp1Qrk1p/5pp1/5Pq1/4P2b/1P1P2P1/PB3R1P/5RK1 w - - 2 29,244.10486
rnbqk1nr/1p1p1ppp/2pb4/1P2p3/P7/8/1B1PPPPP/RN1QKBNR w KQkq - 0 8,-97.14758
3rk2r/p1p2ppp/2p4q/4P3/1b4BP/8/PBP1Q1P1/K4R2 b k - 0 20,-346.25806
1rb2rk1/2R2n2/7R/3B4/p1P5/1p4PP/P7/6K1 w - - 0 35,-65.46765
5rk1/p1q2p1p/1p3Qp1/2p1n1P1/3pP3/P2P2P1/1PP1B3/5RK1 w - - 1 27,91.613525
R7/pppk4/7r/5Q2/4P2P/PP1P1P2/2P5/R5K1 b - - 2 36,1153.9203
6k1/p6p/1pp2p2/3p1p2/8/1PP1rP1P/P2R1KP1/8 b - - 2 28,-213.81128
r5k1/pppqbrpp/3p1n2/4p3/3PP3/2N5/PPP1Q1PP/R1B2RK1 w - - 0 14,22.329838
3rk2r/ppp3pp/1n2pn2/8/4P3/2P2N2/P1P2PPP/R1B2RK1 w k - 1 13,124.01904
1k1r4/2pn4/p6p/1p1N2p1/3PP1P1/3B1r1P/1PN2P2/1K3R2 w - - 1 34,372.68732
r4rk1/pp1n1pp1/1qpbbn1p/3p4/3P4/2N1BN1P/PPPQBPP1/3RR1K1 w - - 2 14,1.2817417
r3k2r/1p2bn1p/1qn1p1p1/pP1pPpP1/3p1P1P/P2B1Q2/1BP5/RN2K2R b KQkq - 0 16,-86.30127
8/8/7p/5Np1/8/1k4P1/1p3P1P/1K6 b - - 3 42,167.17627
r5k1/pp2b1pp/2p1p1r1/3q1p2/1P1P4/P3P1P1/1B1Q1P1P/2RR2K1 b - - 0 20,4.4745517
2r4k/p7/1pp1N1p1/4P1p1/1Pp3P1/P1P2r1P/4RP2/R6K w - - 6 40,476.3047
r2q1r2/p4pkp/1p1p1nn1/2pPp2B/2P1N3/4B1Q1/PP5P/2R2RK1 w - - 3 22,327.0265
5q1k/Bp4p1/2p4p/4p3/2P1Pn2/2P1Q3/P1N3PP/6K1 b - - 0 28,409.90906
r4rk1/pp2bpp1/4qn1p/2P1n3/1P2p3/P7/3BBPPP/R2QNRK1 b - - 0 19,-76.74304
r1bqk1nr/pppp1ppp/2n5/2b2N2/4P3/8/PPP2PPP/RNBQKB1R b KQkq - 2 5,14.649784
r3r1k1/1q3ppp/pp1b4/1PnPp3/2P5/6P1/PBQN2KP/3R1R2 b - - 0 27,-110.36511
8/p5p1/1p2k2p/n3p3/1PPpP1NP/3P2P1/3K4/8 b - - 0 33,-56.414974
rn3rk1/1b2bppp/4p3/3qN3/p1QP4/P3PNBP/5PP1/R1R3K1 b - - 0 21,56.224247
8/2p3k1/4p1p1/1P5p/2P2pP1/5q1P/7K/8 b - - 1 41,-724.5327
3rr3/2k2pp1/pbn2n1p/3pB3/8/1B3N1P/PP3PP1/2R2RK1 b - - 4 23,60.118534
r1bqk2r/pp1pnpbp/4p1p1/2P1n3/2B5/2N2N2/PPP2PPP/R1BQK2R w KQkq - 0 8,-17.21838
r5k1/p4r1p/b5pB/2p5/3pp3/1Pb5/P4PPP/1R1R2K1 b - - 1 30,-540.9281
r5k1/2p1qpp1/p6p/8/1P1Np3/P3n2P/2P3P1/R4RK1 w - - 0 25,-496.94208
r2q1rk1/ppp1b2p/2n1bnp1/4p3/4P1P1/2P2P2/PP5Q/RNB1KBNR b KQ - 1 12,-111.19324
1brqr1k1/pp3ppp/2p1p1n1/8/2PPQ3/1P3N1P/PB3PP1/3RR1K1 b - - 2 19,80.641846
r1b2r2/4qkp1/2n1p3/1pPp2p1/p1p1p3/P1P1B2R/1P1QBPK1/7R w - - 0 30,-147.39929
rnbqkb1r/ppp1n1pp/3p1p2/4p3/3PP3/2N1B3/PPP2PPP/R2QKBNR b KQkq - 2 5,112.17346
r3r1k1/pp2bppp/2q2n2/2pp2B1/8/2PP4/PP1N1PPP/R2Q1RK1 w - - 2 14,-82.67517
8/1p3pp1/p3p1kp/3pP3/2r2K2/P1P3PP/1P4P1/2R5 w - - 8 34,1.8416172
r7/6p1/1p2pnkp/4B3/1b1P4/8/5PPP/2RR2K1 w - - 0 31,246.67041
5rk1/2p1q1pn/3p3p/8/2PpPp1P/1P4P1/2KQN3/R7 w - - 0 24,-189.01038
5k2/2p4p/p1P3p1/7n/5pK1/3r1P2/8/R1R5 b - - 7 49,-84.56842
r2q1rk1/2pbbppp/2n1pn2/p2p4/Pp1P2P1/1P2PP2/1BPQN2P/R3KBNR b KQ - 0 11,-106.33972
r3kbnr/ppp3pp/3q1p2/3pn3/6b1/4PN2/PPPNBPPP/R1BQ1RK1 w kq - 0 8,74.03967
8/3k1pp1/7p/8/4PPK1/p1R3P1/2P4P/r7 w - - 1 38,45.655766
rnb2rk1/pp4pp/8/q3pp2/8/1NPP4/PP2QPPP/R3KB1R b KQ - 1 14,26.135624
2k5/p1p1b2p/6p1/1KP5/4p3/1Q2NrP1/PP5P/7q w - - 1 36,-511.05884
8/3k4/2p5/5p2/1P1P3p/p1P1KP2/P5P1/8 b - - 1 34,251.19223
r1bq1bk1/ppp3pn/1n5p/3p4/PP2P3/1BPP2QP/5PP1/RN3RK1 w - - 0 17,-51.022213
6r1/pppk1p2/3p1p1r/7p/4PR1N/2PP2P1/PP5P/R5K1 b - - 5 20,511.24878
8/1kp3P1/p2r3R/1p6/8/1Pn2N1P/2P2K2/8 b - - 0 40,274.8711
r3k2r/1p4pp/2pp1p2/1p2p3/1n6/1B5n/PBPP3P/R3KR2 w Qkq - 0 17,-465.67242
r3kbnr/pQpq1ppp/4b3/8/4P3/8/PP3PPP/RNB1K1NR b KQkq - 0 10,-52.11096
4rr2/pbp2pkp/1p5p/4p3/4P1P1/P1BP3P/1PP2R1K/R7 b - - 2 22,-9.002804
8/Q1p2p1k/1p1n1qpp/8/1P1Pb3/1BP5/P4PPP/R1B3K1 b - - 3 24,532.20105
r3kb1r/pppb1ppp/2nq1n2/1B2p3/2P5/2NP1N2/PP3PPP/R1BQ1RK1 b kq - 0 8,21.032108
rq2kb1r/1p3p2/pBp1p2P/2PpP1P1/3P3R/1Q6/PP3P2/R4K2 b kq - 0 24,313.14764
6k1/4bpp1/3N2n1/4p3/pP2P3/P4NPP/6K1/8 w - - 1 33,165.36414
rn1qk2r/1pp1bpp1/p1b1p2p/3nP3/P1B5/1QP2N2/1P1N1PPP/R1B2RK1 b kq - 3 11,66.0957
r2qk2r/ppp2ppp/2n1bn2/2p3B1/4P3/2NP4/PPP2PPP/R2QKB1R b KQkq - 2 8,58.073612
3q1r1k/Q1rb3p/6p1/p7/4pP2/PP4PP/4N1B1/R5K1 w - - 1 27,-182.02783
rnb1k1nr/pp3ppp/2p5/2b5/B2N4/8/PPP2PqP/RNBQK2R w KQkq - 0 8,-211.07996
1n2r1k1/5pp1/3p3p/2pP1P1P/2P1P3/3B2N1/q3K3/8 w - - 0 32,-843.18384
r2qr1k1/p1p2pp1/3p1b1p/2p5/2Q3P1/5N1P/P4P2/1R3RK1 w - - 2 23,-370.06458
rnbq1rk1/ppppbppp/5n2/4Q3/4P3/3P4/PPP2PPP/RNB1KBNR w KQ - 1 5,-35.500362
1K6/8/2q5/p5k1/P7/8/8/8 w - - 0 49,-1654.8224
r2qk2r/1p1bbpp1/p1nppn1p/2p5/4P3/P1NPB1PN/1PP2PBP/R2Q1RK1 w kq - 2 10,-8.494747
r3k2r/pp3p1p/2p3p1/2b1p3/3n3N/2N5/PPPP1PPP/R1B1K2R w KQkq - 2 13,284.0304
r2qkbnr/pp4pp/2n1p3/2pppb2/5P2/3P1N2/PPP1B1PP/RNBQ1RK1 w kq - 0 8,-114.74133
r4k2/4Npp1/1p1p2rp/p3n2q/P1P1P2P/3P2P1/1Q3P2/R4RK1 w - - 5 28,108.56653
1r5r/RN3k1p/2p3p1/6P1/1n2P3/5K2/1P3P2/8 b - - 0 31,-526.94556
6k1/8/b3p2p/p2rP1p1/8/1P1pB1PP/P2R1P2/6K1 b - - 1 32,115.8371
3k4/8/3p4/3PpBp1/4PbP1/8/4K3/8 w - - 6 51,136.53455
r1bqk2r/pp1p1pbp/2n2np1/2p1p3/4P3/2PP1NP1/PP3PBP/RNBQK2R w KQkq - 2 7,-33.410763
rnb1kbnr/ppp2ppp/8/8/8/2P2P2/P6P/RN2KBNR b kq - 0 11,-584.1764
8/2P5/8/8/K7/8/2qk4/8 w - - 3 58,-687.4855
r4rk1/1bqnbpp1/ppp1pn1p/8/2PPN3/1P1B1N1P/PBQ2PP1/2R1R1K1 b - - 4 14,53.126957
r1bqkb1r/pp4pp/2n1pn2/3p4/3P4/2N1B3/PP3PPP/R2QKBNR b KQkq - 3 8,-31.748165
4kb1r/p1rq2pp/2n2n2/8/3Np3/1QP1P3/PP1N1PPP/R4RK1 b k - 1 16,-157.87158
2kr3r/p1p3p1/Q7/2p2p1p/8/6Pq/PPP2P1P/5RK1 b - - 7 24,-467.73767
r7/p1pk2p1/P1n4p/3N4/4p3/R6P/6PK/8 b - - 0 35,-179.79288
rqb1k2r/pp1pnppp/2nQp3/1N6/2P5/6P1/PP2PPBP/RNB2RK1 b kq - 0 9,377.06238
2rq1r1k/2Nn2bp/1p2Qpp1/p2p4/3P4/4BN2/PP2BPPP/3R2K1 w - - 3 20,335.01825
4r1k1/ppp3pp/4b3/4p1b1/2P1P3/3PN3/PP3rPP/1K2RB1R b - - 5 20,-115.857666
4r3/p3bkpp/1p1pNn2/2p2p2/2P5/3BQ3/PP3PqP/R1B1KR2 w Q - 7 20,626.7816
7r/pp2R1pp/8/2p1k1P1/7r/8/PP2N3/2K5 b - - 1 31,-483.32263
6rk/1q2b1rp/p3p3/1p2Pp2/5P2/1PQN3P/P1P2RP1/5K2 w - - 0 29,-315.1621
rnbqk2r/ppp2ppp/4pn2/8/1bBP4/2N1PN2/PP3PPP/R1BQK2R b KQkq - 2 6,45.617558
rnb2rk1/ppp2pp1/5n1p/8/1b1P4/P4N2/1P2B1PP/RNBK3R b - - 0 12,-270.83533
2k5/ppp3r1/6b1/8/3P4/2P5/PP3K2/4R3 w - - 0 33,-412.94763
3r1r2/5p1k/p2p4/8/PpPpPp2/1P1P1P2/5KP1/1R2R3 w - - 0 36,177.97937
r3r2k/p3qpp1/1p1p3p/2p5/8/2P1B1QP/PP3PP1/4RK2 b - - 7 21,-367.68042
8/4bk2/1r1p4/R2Pp3/1P2P3/8/3BK3/4N3 b - - 3 59,499.41174
8/7Q/8/6K1/8/8/1kp3P1/8 w - - 3 55,705.71277
r4rk1/1bp2ppp/3p4/1p6/2n5/2PnP3/2B2PPP/B2R1RK1 w - - 0 29,-471.25476
r1b2rk1/ppB1b2p/5p2/6p1/N2n4/2NP4/PP1KBPPP/R7 w - - 1 18,-178.77795
r1bq1rk1/ppp2ppp/2np1n2/4p3/4P3/P1PB1N2/1PP2PPP/R1BQ1RK1 w - - 2 8,22.567753
8/6p1/8/7p/3pPkPP/2pKb3/8/8 w - - 2 43,-650.93933
r1n2rk1/ppq2ppp/2pNp1b1/4P3/2P2P2/1P4N1/1P4PP/R2QR1K1 w - - 1 18,57.16834
rnbqk1nr/pppp1pbp/4p1p1/4P3/3P4/8/PPP2PPP/RNBQKBNR w KQkq - 0 4,4.7103305
8/5kpp/2n2p2/r2Pp2P/PR2P3/6P1/5P2/5BK1 w - - 3 39,213.95917
8/p1p5/1p6/4n1Pk/P3p2P/2P1Kb2/2P5/6R1 b - - 0 30,-176.30652
2knr3/rpp1q3/p3p3/2PpPpp1/1P1P1N2/P3Q1P1/5P2/1R3RK1 w - - 0 28,111.026
r3k2r/ppq2pp1/2nbpnp1/3p2B1/3P4/2P4P/PP1NBPP1/R2Q1RK1 b kq - 2 12,-52.63
8/PP3ppp/8/8/5P2/4Pk2/2r2P1P/5RK1 b - - 2 52,414.30798
2r4r/4bpk1/pp2p1p1/2p1P1P1/P2n1P2/2N1B3/1PP3K1/R4R2 b - - 0 27,16.37537
rq3rk1/1b1pbpp1/2n1pn1p/pN6/1P2P3/P2B1NB1/3Q1PPP/2R2RK1 b - - 2 16,33.95545
8/ppp5/4k2N/5p2/5p1n/2P1K3/PP3P1P/8 w - - 0 27,-66.762634
5rk1/pb3pb1/1p4pp/3rP3/3p1B2/P4P2/1PPR2PP/4RBK1 b - - 3 22,52.333866
r3qrk1/pp2p2p/2p2pb1/2P2Nn1/4P3/2PR2Q1/PP4PP/5RK1 b - - 2 26,-189.5144
3k1bnr/1p4pp/4p3/4p3/2N5/8/PPP2PPP/R1B1K2R b KQ - 1 16,599.6515
r1bqkbnr/ppp1p1pp/2n5/3pP3/8/5N2/PPP2PPP/RNBQKB1R b KQkq - 2 5,36.573368
3k4/8/3P4/1pN1B1pp/8/6P1/7P/5K2 w - - 3 35,687.94604
rnbk1N2/pp1p2r1/2pP1p1B/q7/8/8/P1P3PP/1R1QKB1R w K - 1 18,449.74524
3r4/6p1/5kp1/b3pp2/1P1P3P/2PK2P1/5P2/3R4 b - - 0 38,-161.82886
r2r4/ppq1kpp1/4p1p1/1Bbn4/8/1P2PQ1P/PB3PP1/R4RK1 b - - 3 18,-6.0518765
rnbqkbnr/pp1ppp1p/6p1/2p5/2P1P3/2N5/PP1P1PPP/R1BQKBNR b KQkq - 0 3,38.80164
r2q1rk1/pbp3pp/1p1PR3/8/5n2/2NQ4/PPP2PPP/R5K1 w - - 1 16,-161.12561
4R3/8/1k1p4/4bK2/P7/8/6P1/8 w - - 17 67,429.47302
r1bqk2r/pppp1ppp/5n2/8/1bBpP3/8/PPPPNPPP/R1BQK2R w KQkq - 2 7,-29.310177
r3q1k1/ppp2ppp/5nn1/PP1p1b2/3P1P2/R1b3P1/5rBP/1Q3RK1 w - - 0 26,-1111.606
r4rk1/p1bn2pp/1pp1p3/2Pp4/1P1PpP2/4P2P/PB1K2B1/R6R w - - 0 23,-177.2555
r2q1rk1/1p3pbp/p3p1p1/P2p4/1PnP4/2N1P3/5PPP/R1BQ1RK1 w - - 1 15,-55.752804
rnbqk1nr/pp2bppp/2ppp3/8/3PP3/5NP1/PPP2PBP/RNBQK2R b KQkq - 0 5,50.754276
2b2nk1/r5r1/p1p1p3/1p4q1/3P4/1PN1R2B/P1Q2PPP/4R1K1 w - - 2 25,421.74957
1n2k1nr/3p2p1/p3p3/1p3pp1/3P4/5B2/2PB1PPP/q2QK2R w Kk - 0 18,-37.222775
1k1r2qr/1pp1n3/p1n2Q1b/4p2p/8/2N3BB/PPP2P1P/1K1R3R w - - 2 20,94.52777
2kr1b1r/pp1q4/2n3p1/2pn4/3p1p2/P2P1Q2/1PN2PPP/R1B2RK1 w - - 2 19,-359.90393
r3k2r/1bqp1p2/p1pb4/6pp/4Pp2/2NB1P2/PPP1R1PP/1R2Q1K1 b kq - 1 18,-62.687984
r2q1rk1/pp1nbppp/2p1pn2/7b/1PBP4/P1N1PN1P/1B3PP1/R2QK2R b KQ - 0 11,-6.6387906
5k2/p1q3p1/1p3p1p/2PQp3/1P6/P6P/5PP1/6K1 b - - 0 34,84.35071
r3k1nr/pp3ppp/4p3/3pn3/3N4/1P6/P1P2PPP/RN2K2R w KQkq - 0 12,-234.6991
r2qk2r/pp3pp1/3p4/2pPp1p1/Pn2P1B1/1P1P3P/3Q1PP1/1RR3K1 w kq - 0 22,38.114017
r1bq1rk1/2pp1ppp/p1nb4/1p2p3/4P3/3P1N1P/PPPN1PP1/R1BQ1RK1 w - - 0 9,-24.205196
5bk1/2q2p2/Q1p2p1p/1r1p4/3p4/3PP1P1/5PBP/4R1K1 b - - 0 27,-27.1134
rnbqk1nr/ppppbp1p/4p1p1/4P3/3P2Q1/2N5/PPP2PPP/R1B1KBNR w KQkq - 0 6,70.736206
r3kb1r/2p3pp/p1pq1p2/3p4/3P4/1P2P3/P1P2PPP/R1BQ1RK1 b kq - 0 13,159.11658
rn3rk1/ppp2ppp/3p4/8/2B1P3/2P2P1b/PBP1K3/R7 w - - 2 18,-627.74915
r3k2r/4qp2/4p3/P2p1n2/5N2/5Qp1/7P/R5K1 w k - 0 32,-595.8058
8/8/2kp4/q1p1p1bp/1pP1Pp2/3P1P1P/1PQ4K/6N1 b - - 0 45,-125.59656
r3k1nr/pp1nbpp1/1qp1p3/3pPb1p/5P2/1PPP1N1P/P5P1/RNBQKB1R w KQkq - 1 9,-90.62561
2kr3r/pbpnbp2/1p1p1p2/qN1P1N1p/4P3/P2B4/1PQ2PPP/2R2RK1 b - - 2 17,214.08533
8/3k1p2/2p1pB2/3pP3/3P2KP/2r3P1/8/8 b - - 0 39,-240.31995
r3kb1r/ppp4p/4pnp1/8/8/1PP5/1P1P1PPP/RNB2R1K b kq - 0 15,8.0906105
r1bqkbnr/ppp3pp/4p3/4Pp2/2Bn4/P3B3/1P3PPP/RN1QK1NR b KQkq - 1 7,14.103153
rnbqr1k1/ppp2ppp/3b1n2/3p4/3P4/2N1BN1P/PPP2PP1/R2QKB1R w KQ - 3 8,-100.27893
5rk1/3q4/5Bpp/p4p2/8/P1Q2PP1/1P1R2KP/8 b - - 1 31,403.3673
rnbqkb1r/1p1p1ppp/2p2n2/p3p1B1/2B1P3/3P1Q2/PPP2PPP/RN2K1NR b KQkq - 1 5,-40.146603
2r2b1r/2pk3p/5p1p/pN2p3/8/P2P3P/1PP2PP1/R3R1K1 b - - 0 23,247.25854
r2qkb1r/pppn1ppp/3p4/4p2n/3PP3/3B1P2/PPP3PP/RNBQ1RK1 b kq - 1 8,63.55347
6k1/2p1rppp/3p4/p2P4/7P/1PPn2P1/6B1/3K1R2 w - - 0 34,-105.57294
2k4r/ppp4p/6b1/4p3/4P3/1P3qPN/P2Q4/K5R1 b - - 3 30,-302.45886
r3r1k1/pp2qppp/2p5/3nb3/8/1P2P2P/PBQ1BPP1/R2R2K1 w - - 0 17,32.320927
4K3/p4P2/2N1k3/8/2PP4/1P6/P7/r6q w - - 0 52,-266.43762
r1bqk2r/3pbppp/p1n2n2/1pp1p3/3PP3/P1P2N2/BP3PPP/RNBQR1K1 b kq - 0 9,63.100468
r3kb1r/3b2p1/nq2p1p1/p2pP1Qp/Pp1P3P/1P3N2/4NP2/R1B2RK1 b kq - 1 22,47.353886
2kr1b1r/Bpq3pp/3p4/4np2/8/1QN2P2/PPP1BP1P/2KR3R w - - 1 16,492.25513
1k1r3r/ppp2ppp/6q1/3n1n2/2N5/3P1QPP/P1P5/R4R1K w - - 0 24,-477.77698
8/8/8/7R/4r3/8/3K3p/7k w - - 6 61,-244.06311
2brr1k1/p1q2pbp/2pp1np1/4p3/2P1P3/1PNn1PP1/PB1N2BP/R2QR1K1 w - - 1 18,-49.7301
5rk1/p4pp1/7p/1B2R3/3P4/4n2P/4RPP1/3r2K1 w - - 3 38,-1.736935
2r3k1/1p1q2pp/r7/3b4/4NQ2/3P1N2/1P2BPPP/4R1K1 w - - 1 29,432.1549
4k2r/2b3pp/r1p1Np2/pp1pn3/5BP1/1P6/P1P4P/1K1RR3 b k - 0 25,-176.3252
r4r2/pp2k1b1/2bpp2p/2p5/2P1n3/1PN5/P1PB2PP/4RRK1 w - - 0 20,-424.29834
r1q2r2/pp2k3/3p3p/2pBb1pb/3pP3/2PP1P2/PP3QPP/R1B2RK1 b - - 1 19,116.59094
3r1rk1/pp1q1bN1/2pp1n1p/6p1/2PP2P1/3BP3/PPQ2P1B/2KR2R1 b - - 0 22,331.802
r1b1k1nr/pppp2pp/2n4q/3P4/3Np3/2N3b1/PPPKP2P/R1BQ1B1R w kq - 2 10,-241.46375
rnb3nr/pppp1kpp/2q5/b7/4P3/2P2N2/P2B1PPP/RN1QK2R w KQ - 0 9,-249.66895
r1br2k1/ppp3pp/8/5p2/2P1n3/1N2PNP1/Pn2K1BP/R6R w - - 0 18,-190.89539
rnbqk2r/ppp1bppp/3p1n2/4p3/2P5/2NP1NP1/PP2PP1P/R1BQKB1R b KQkq - 0 5,-32.566525
rn1q1rk1/pp1b1ppp/3bp3/3p4/NP2nP2/2P1P3/PB4PP/R2QKBNR w KQ - 3 10,-174.69836
r1b1k2r/pp3ppp/2p2n2/q1bPp1N1/N1P5/8/PPP2PPP/R1BQK2R w KQkq - 2 10,-76.104126
r7/2r2ppk/3Rp3/p3P2P/3R1P2/1pP5/1P6/2K5 b - - 6 32,-7.827145
r5k1/p4p1p/2p5/1p6/1P2qPn1/2P5/P2R1bP1/R1K5 b - - 0 28,-915.30383
8/4kNr1/5rP1/1p1p1PR1/1P1PP3/P2K4/8/8 b - - 0 57,246.53851
1r1qkb1r/p1p2ppp/2p1pn2/5b2/2pP4/1P2P3/P4PPP/RNBQK1NR w KQk - 0 9,-175.14172
8/1R6/8/8/p1K5/kr6/8/8 b - - 3 60,-59.38342
8/pp1nk1p1/2p4p/3p2p1/3P2P1/3NKP1P/PPP5/8 w - - 2 33,-7.03735
8/p3q1kp/1p6/1Pp3p1/P3nN2/4P2P/2Q2PP1/3R2K1 w - - 0 30,617.9193
8/8/p7/1p3k2/P1p5/1PP2PK1/1n6/8 b - - 2 39,-361.83606
r1k2b1r/pp1npqp1/2p1pn1p/3p3P/3P1BP1/2NQ1P2/PPP1N3/2KR3R b - - 12 16,-75.15845
r3kbnr/3p1ppp/1pp5/p2p4/3qP3/P1N5/1PP1QPPP/R1B2RK1 w kq - 0 13,13.836552
8/pp4pp/2p1p1k1/1r6/8/3PB1PP/PP3RK1/8 w - - 9 29,440.1266
8/bp3q2/pkp5/4Q3/3P4/NPP4P/1P2p1P1/4R2K w - - 5 34,590.021
2r2rk1/p2nq2p/1p2p1p1/8/2PPN1Q1/6P1/P4P1P/2RR2K1 b - - 3 23,107.61304
rnbqkbnr/pp3ppp/2p1p3/3p4/3P4/4P1P1/PPP2PBP/RNBQK1NR b KQkq - 0 4,-33.023067
r1b1rk2/ppqn1pp1/3p1b1p/2pP4/2B5/P4N1P/1PP1QPP1/1RBR2K1 b - - 2 15,106.61621
r2q1rk1/1bp1nppp/1p1bpn2/p7/3P4/N1P2N2/PPQ1BPPP/R1B2RK1 w - - 1 14,-44.695675
8/6pp/p1n1k3/8/PPPK4/7P/6P1/8 w - - 1 36,-215.02039
b3rrk1/5pp1/p4q1p/2pp4/8/1QP2NN1/PP4PP/R3R1K1 b - - 3 22,297.8689
4r3/4r1k1/p2p1p2/1ppB4/1P1b2PP/8/P4PK1/3R1R2 w - - 3 29,-9.247189
8/5ppk/Q1Rp1qnp/2pPp3/2P1P3/6PB/1r3PK1/8 w - - 11 34,-60.98718
r2qk2r/pp2bppp/2np1n2/2p2P2/5P2/1B6/PPP3PP/RNBQ1RK1 w kq - 1 11,8.197147
8/6rp/p3Pb1k/1p3P1b/PP6/8/6BP/4RRK1 b - - 0 32,463.76166
rn1qk2r/pp2b1pp/4b3/2p1p1N1/2PpN1n1/1P1P2P1/PB3PBP/R2Q1RK1 w kq - 3 14,160.71838
r7/P7/8/5k2/8/4K3/R4P2/8 w - - 2 59,507.9491
r7/pp3b1B/3kP2p/3p4/8/8/PP1N1P1P/1K4R1 w - - 0 27,504.81335
8/8/N5p1/4kp2/2P1p3/1P3P2/P4K1P/6Nb w - - 2 37,445.03882
5r2/2Q1nkpp/1p2p3/p2p4/q2Pp3/7P/1P3PP1/4R1K1 w - - 2 34,-442.34167
r4rk1/pp3p1p/2p3p1/3nb3/2N5/1PP2B1P/1P3PP1/R4RK1 b - - 1 17,47.85779
8/1pkr1p2/p1p2n2/2BppPp1/1P4P1/2PP1PK1/2r5/R4R2 w - - 1 29,-142.20557
8/5pk1/2r4p/4p3/2p3PK/5R1P/8/8 w - - 0 44,-283.9054
r1b3k1/1p1n2pp/2p3r1/p1PpPp2/P3n3/1N2P1PP/1P2RPB1/R1B3K1 b - - 0 19,164.47705
rnb1kb1r/p2p1ppp/4pn2/8/3P4/2N1P3/Pq1BNPPP/R2QK2R b KQkq - 1 9,-237.77722
1rbr2k1/ppp2ppp/2nbp3/q7/4B3/P1B2N1P/2PP1PP1/R2QR1K1 b - - 2 14,-127.570435
r6r/3b1k2/p3p1n1/1pp1p1pp/4P3/P4P1P/1PP1NRPK/R4B2 w - - 2 24,-40.520626
r1bq1rk1/pppp1ppp/8/n2P4/2B1n3/2b2N2/PP2QPPP/R1B2RK1 w - - 3 11,-15.539181
rn6/pb1k3p/1ppp4/4B3/8/1q2PQ2/4NPPP/3RKB1R w K - 0 22,945.25696
r1b2rk1/5ppp/p3p3/1p1p4/1q2n3/3Q4/P1PN1PPP/R3K2R b KQ - 1 18,-647.6478
r2q1rk1/1pp2ppp/p1n1bN2/4p3/3P4/P2BPN2/1PP2PPP/R2Q1RK1 b - - 0 12,77.88367
8/8/8/6k1/5q2/8/7p/3K4 b - - 1 79,-5303.6855
3rr1k1/p4pb1/2p3p1/Pp1p3p/1P1P1B2/2PbNP1P/6P1/R3R1K1 b - - 0 23,-24.699947
8/3K4/2P5/8/p7/4k1b1/B7/8 w - - 6 64,19.714725
r1bq1rk1/b1p2ppp/p1n5/1p1np3/4N3/1BPP1N1P/PP3PP1/R1BQ1RK1 b - - 1 11,-99.993774
8/5p2/5kp1/P7/8/8/6K1/8 b - - 0 41,-96.01428
rn1qkbnr/pp1bpppp/2p5/3p4/PP6/N1P5/3PPPPP/R1BQKBNR b KQkq - 0 4,-99.59094
2k3r1/ppp5/5b1p/8/5B2/P5RK/1P6/8 b - - 2 35,-237.12506
8/p2bk1p1/3N1p1p/8/P7/1P3P1P/6P1/6K1 w - - 1 30,89.59082
r3kbnr/1bqp1ppp/pp2p3/1N1P4/4P3/4Bn2/PP3PPP/2RQKB1R w Kkq - 0 11,119.68909
1R3K2/7r/3k4/8/2n5/8/8/8 b - - 12 80,-69.32825
2r2rk1/5p1p/R3N1p1/3pP3/3P4/P1bB2P1/5PKP/5R2 b - - 0 33,432.72522
r1b1kbnr/ppp2ppp/8/4p3/4P3/3B4/PPP1n1PP/RNB1K2R w KQkq - 0 8,-334.17993
rnb5/pp1q1N2/k3pp2/2Bp4/3P4/2PQ4/PP3PPP/RN2K2R b KQ - 4 17,815.7068
2N2n1Q/4kp1p/5n2/3Pp3/2p1P3/2B3PP/1P3qBK/R7 b - - 0 35,670.4059
r4rk1/6pp/p1n1pp2/Rp1p2q1/BP1P4/2PQN1P1/5P1P/R5K1 b - - 0 25,338.44836
8/8/1p5K/pP1P3P/P1k3P1/8/8/8 b - - 0 44,367.17224
r1bqk2r/1pp2p2/p1np3p/2b1p1pn/2BPP3/2P2NB1/PP3PPP/RN1Q1RK1 b kq - 0 11,50.42249
4r1k1/3Q1pbp/4p1p1/1P1pPn2/3P4/4qN2/2r1BK1P/1R2R3 w - - 6 31,-434.90002
1rr3k1/pq3pbp/4p1p1/PP1p4/1Qp5/6P1/5P1P/1RR3K1 b - - 4 30,-656.9617
8/1q6/3k4/5P2/4P3/5KQ1/8/8 b - - 2 79,279.25037
8/5kP1/7K/8/8/8/8/8 w - - 1 57,434.88074
3r2k1/5ppp/b1N1pb2/P1Pr4/1P3P1q/1Q2B3/2RR1K2/8 w - - 1 30,-99.83948
6k1/2B1bpp1/p3n3/1p4Pp/7P/2P5/PP1r1P2/R3R1K1 w - - 1 29,209.35107
8/p7/8/3k2pp/2P5/P2P1K1P/8/8 b - - 0 45,-13.431026
R7/P7/5ppp/5k2/7P/r5PK/5P2/8 w - - 0 43,222.05078
8/5ppp/p2k4/8/8/PnP5/3pK1PP/8 w - - 4 30,-635.7854
r1b1k1nr/pppp1ppp/2n2q2/2bBp3/8/4PQ2/PPPP1PPP/RNB1K1NR w KQkq - 6 5,-98.76282
r2qk2r/pbp1bppp/2pp1n2/6B1/4P3/2Q2P2/PPP3PP/RN2K1NR b KQkq - 2 9,-142.27673
r4rk1/ppq2ppp/2p5/7Q/8/4PN1P/PP2B1P1/2R2RK1 b - - 0 18,665.3624
8/2p4R/2r1k3/1p2p3/4P3/1NP4P/1P4P1/1K6 b - - 0 32,629.3474
8/8/8/8/6p1/6kp/8/7K w - - 0 84,-691.0792
3qk2r/4bppp/2Q5/p1p1p3/1r6/8/P4PPP/RNR2K2 b k - 1 23,-220.54224
5rk1/p4pbp/bp4p1/8/P7/5qP1/3Q1P1P/4R1K1 b - - 4 25,-753.71643
3r1rk1/pp3p1p/1q2b1p1/3p3Q/8/1P1B2R1/P1P2PPP/R5K1 w - - 0 19,-66.472534
7R/8/8/6pP/8/4b3/5p2/5K1k w - - 1 56,-59.642086
r4rk1/2pqbppp/p1n5/1pnpP3/6b1/1NP1BN2/PPB2PPP/R2Q1RK1 w - - 5 14,16.389774
8/3p4/1p2pk2/2P2br1/1P1b4/5K1p/P7/8 b - - 0 55,-1274.6666
r1bq1rk1/ppp1bppp/2n1pn2/8/4PB2/1B6/PPP1QPPP/RN2K1NR w KQ - 4 9,-55.104366
r1bqkb1r/ppp2p2/2n1pn1p/6p1/3PP2B/2N2N2/PP3PPP/R2QKB1R w KQkq - 0 9,78.35486
2kr3r/1p1bbpp1/4p2p/n2pP2P/P1pP1BPn/1pP2N2/1P1NBP2/R4RK1 w - - 1 19,-25.634396
1r4k1/5pp1/2R4p/2pPp3/5q2/2N3RP/1P1N1nPK/2B5 b - - 3 27,158.06384
r1b1kbnr/pppp2pp/2n2q2/4p3/3Q4/4PN2/PPP2PPP/RNB1KB1R w KQkq - 4 6,-17.348019
r1q1k2r/pbpp1ppp/1p1bpB2/8/PP6/1QPP1N2/6PP/RN2KB1R b KQkq - 0 12,174.64587
2kr3r/1pp1nppp/p1nbpq2/7b/1P1P4/P1N1PN1P/1B2BPP1/R2Q1RK1 b - - 2 12,83.121704
2r2rk1/p3qpp1/4pnp1/1Pb5/P1p4R/2P3P1/5PBP/R1BQ2K1 w - - 2 21,-97.572876
Q7/3qbpk1/1p2p1p1/1Pp1P3/2PPp2p/4BB1P/3K1PP1/8 w - - 0 28,417.51245
3rk2r/p1q1ppbp/1p4p1/4P2n/2p2B2/3B1Q2/PPP2PPP/R3R1K1 w k - 0 16,131.52563
r2qkbnr/ppp3pp/4p3/1b1pPp2/3P4/5N2/PPP2PPP/RNBQR1K1 w kq - 0 9,49.84241
rn1qk2r/pp4bp/2p1b1p1/3ppn2/6B1/1P2P3/PBPNQPPP/R3K1NR b KQkq - 3 13,-123.85901
B7/p2PQ1k1/1p3n1p/2p5/2P5/7R/P4P2/6K1 b - - 2 40,1089.1847
r4b1r/pp2n3/3k3p/2p1p1pB/5qQ1/1P5P/PBP1R2P/RN4K1 w - - 2 19,595.22595
8/7p/Rpr3pk/8/1pP5/4K1P1/8/8 b - - 0 48,-341.20236
r3kb1r/3ppp2/p1n4p/qp2P1p1/1n6/2Q2BB1/PP1N1PPP/R4K1R b kq - 6 16,-52.260616
rn2kb1r/pp1q2pp/2p1pn2/4p3/4P1Q1/5N2/PPPP2PP/RNB1K2R w KQkq - 4 9,-103.44397
r1bqr1k1/5pbp/p1n1pnp1/1p1p4/6P1/PPNB1N1P/1BPPQP2/2KR3R w - - 0 13,-108.21326
R7/6pk/1p1P4/4K2p/8/p7/P6r/8 w - - 1 51,-225.69849
3r4/p2k4/b1p1Rp2/3p1n2/PQ1P4/6q1/8/1R4K1 w - - 0 31,-733.0065
rn3b1r/p2qnk2/bppp3p/4pppQ/7N/1PN1P1P1/PBPP1PBP/2KR3R b - - 1 15,174.61243
rnbqk2r/ppp1npbp/4p1p1/3P4/2B5/2PP1N2/PP3PPP/RNBQK2R b KQkq - 0 6,16.072147
8/7R/4k1p1/8/8/3P3P/P1r2r2/6K1 b - - 0 31,-468.83984
rnb4r/ppp1b1kp/3p2pn/6N1/3P4/1P3P2/P1P3PP/RNB2RK1 w - - 1 13,-321.73474
5Q2/8/7p/8/4K2P/1k4P1/8/1q6 w - - 1 46,102.12268
1r4k1/1r3pp1/p2b3p/8/2QP1q2/5N1P/PP2RPP1/R5K1 b - - 0 24,95.49182
3k2nr/pb3Rpp/1pq1P3/2p1B3/2B5/2N5/PP2Q1PP/3R2K1 b - - 4 25,984.31287
1r3rk1/5ppp/b1N5/1q6/2n5/2R1P3/1PQ2PPP/3RK3 w - - 4 29,-338.0127
r1bqkb1r/3p1ppp/p1p1pn2/8/2B1P3/2N5/PPP2PPP/R1BQK2R w KQkq - 0 8,10.355595
3rk2r/p1p1bpp1/2pp1q1p/4p3/4P1bP/3P1N2/PPPNQPP1/R3K2R w KQk - 5 11,-53.14758
8/6b1/1p1kp1p1/p2p3p/P2R3P/1P3PP1/5K2/8 b - - 0 38,104.71686
3R4/8/1n6/1P5p/1K4p1/5k2/8/8 w - - 3 55,112.98981
r2nqrk1/ppp2ppp/8/4pnB1/5b1P/2P2N2/PP3K2/R6R w - - 0 18,-1379.5016
r3k3/pp3p2/3p2pb/4p3/P1PpP3/1P1P1R2/2K4r/R1B5 w q - 1 28,-302.99585
rnbqk2r/1p2bppp/p2ppn2/8/3NPP2/2NB4/PPP3PP/R1BQ1RK1 b kq - 3 8,22.311893
rn2kbnr/ppp1pppp/2B5/8/6b1/2N5/PPPP1PPP/R1BQK1NR b KQkq - 0 5,446.07654
r4rk1/2qn1ppp/1p3n2/pP1bb3/8/N2BPpP1/1B1P1P1P/R2Q1RK1 w - - 2 17,-179.67639
1r5k/1p1R3p/p3Q1pq/2b5/8/8/PP3RPP/6K1 w - - 5 32,365.38208
3rr1k1/ppp2ppp/1q3n2/5b2/1P1P4/P1N1BB2/5PPP/R2QR1K1 b - - 0 17,333.82336
3r1rk1/5p1p/p2p2p1/1ppP4/8/P1PPPR2/2P4P/6RK b - - 2 23,-70.69623
7r/pp1R2pp/8/2p1k1P1/3N1r1P/8/PP6/2K5 w - - 1 30,-384.46912
2r2rk1/6pp/2p1p3/p4p2/4p3/8/P2Q1PPP/R3KB1R w KQ - 0 20,756.52527
8/6kp/6p1/8/6K1/8/5r2/1B5R b - - 9 45,193.0492
6r1/2k1Q3/2pp4/1p5b/p3P3/2Nq4/PP3RPP/R5K1 b - - 2 29,701.6872
8/1kp5/p2b4/4rB2/3K4/1P6/Pr6/4R3 b - - 1 45,-511.18176
5k2/2R3p1/p1p5/3b3p/1P6/P1P1p1PP/8/5K2 b - - 1 37,251.11646
rn1qkbnr/p1pp2pp/1p2p3/5P2/2B5/5P1N/PPPP1P1P/RNB1K2R b KQkq - 0 6,-514.83875
8/8/5k2/2r2P2/6P1/1pp1R1P1/5R2/6K1 b - - 5 39,506.7782
6k1/2N4p/6pP/1p1pP3/8/4r3/8/3K4 w - - 2 32,-527.6085
r2q2nr/pkp1b2p/bp2p3/3pP2Q/3P4/P1N2N2/1P3PPP/R1B1K2R w KQ - 3 16,148.74744
8/4Bpp1/1p2b3/1Q1p4/3q4/4kPK1/P5PP/8 w - - 16 46,-237.47864
r2r3k/p3Nppp/2n5/R7/8/1P2PK2/P5PP/3n4 w - - 0 30,-691.2379
rn1q1rk1/pbp1npb1/1p1pp1pp/8/1P6/2NPPNP1/P1PB1PBP/1R1Q1RK1 b - - 0 10,-19.303097
2r2k2/p3pp2/Pp1p2p1/4b1P1/2r5/2P4P/1B2N3/2RnK3 w - - 0 32,-671.7091
6k1/4P3/7p/4R3/3B1P2/7P/6PK/q3r3 w - - 0 45,-276.62024
r7/p1pk2N1/2nb2n1/8/5P2/3P3P/PPP5/R1B2R1K w - - 1 23,423.6432
r1bqkb1r/1pp2ppp/p1n5/3np3/8/3B3P/PPPP1PPN/RNBQ1RK1 w kq - 0 9,-107.62439
rn2k2r/1p3ppp/p7/4Pb2/P2BnP2/1B6/2P3PP/2KR2NR w - - 1 17,119.910645
rnb2knr/ppp3p1/3p1q1p/2b1p1NQ/4P3/8/PPPP1PPP/RNB2RK1 w - - 0 8,-145.48132
r5nr/ppB1kpp1/2n4p/8/4P3/5P1P/PPP2P2/R3KB1R b KQ - 0 12,221.67896
rn1q3r/pp2bQ1p/1k1pB2p/2P1p3/2P1P3/3P3P/P4PP1/RN2K2R b KQ - 0 12,431.23596
rn1qkbnr/pp2pppp/2p5/3p4/6b1/2N2NP1/PPPPPPBP/R1BQK2R b KQkq - 2 4,-45.24914
r4rk1/4bppp/2q1p3/pp1nP3/2p1N3/P4P1P/1P2Q1P1/R1B2R1K w - - 0 22,-166.2782
1r6/1r3pk1/3p1qpn/1ppPp1Np/4P3/2P1N1PP/1P2QPK1/R3R3 b - - 0 26,431.31384
r3k2r/pp1b2pp/4qp2/2Bpb3/8/6P1/PPQ1PP1P/RN1R2K1 w kq - 4 16,-2.3918421
r2q1rk1/pQ2bppp/2p1pn2/3pB3/3P4/4P3/PPP2PPP/RN2K2R w KQ - 1 11,-82.32312
3r2r1/pk3p2/1p1P4/2p1P2p/5K1P/1P6/4N3/2R5 w - - 1 33,-355.1172
5rk1/p1RnQpp1/2pB1n1p/3p4/8/2PP2NP/2P2PPK/2q5 w - - 7 25,110.27289
r1b2rk1/ppp1qp1p/1n2p1p1/n2pP3/3P4/1BP2N2/PP2NPPP/R2QR1K1 b - - 0 13,91.37866
5r2/5p1k/2N1p1pp/p1P5/1p2Q3/1Pn5/q4PPP/5RK1 w - - 2 33,-8.27734
rnbqk2r/pp3ppp/2pp1n2/2b1p3/2P1P3/2N2N1P/PP1P1PP1/R1BQKB1R w KQkq - 0 6,-11.209103
r1bqkb1r/pppppppp/2n2n2/8/2PP4/P1N2N1P/1PQ1PPP1/R1B1KB1R b KQkq - 2 7,26.53748
5r2/pk6/2p2BR1/2p1P1K1/2P5/8/PP1b1P2/8 w - - 1 41,306.46936
4kb1r/Q5pp/P4p2/1p2p3/4P1b1/2N2N2/1P3PPP/R3K2R b KQ - 0 22,1082.0697
8/7K/1p6/p1k2p2/3R4/8/P4PP1/8 w - - 1 44,632.93506
r1b1k2r/ppp2ppp/2n5/3np3/3P4/2P2N2/P3PPPP/R1B1KB1R w KQkq - 0 9,-5.630734
r2q1rk1/1ppn1p1p/p2bpnp1/1b1p4/1P1P2P1/B1P1PP1B/P6P/RN1QK1NR w KQ - 4 11,-186.03308
2kr1b1r/pp1n4/2pppn1p/q3p3/4P3/2NP2QN/PPP2PPP/R1B1K2R b KQ - 2 13,-18.992672
rn2kbnr/ppp1pppp/4q3/4N3/3P4/2NB3b/PPP2P1P/R1BQKR2 w Qkq - 5 10,119.76575
2k2b1r/ppp1nppp/8/1N2n3/1Pr5/P7/1BP2PPP/R4RK1 b - - 3 15,-372.26843
r2qkb1r/ppp2ppp/2n1pn2/3p4/5Pb1/4PNP1/PPPP2BP/RNBQ1RK1 b kq - 1 6,-45.276485
3r4/8/8/1R3kp1/4N3/1P1nKPP1/7P/8 b - - 9 39,378.7649
rnbq1rk1/pp2bpp1/3p3p/2pPp3/4P3/3P1N2/PP2BPPP/R1BQ1RK1 b - - 0 9,8.668583
rnbq2k1/pp5p/2pbp1p1/3p2Nn/7P/3B1rP1/PPPP1P2/RNB1K2R b KQ - 1 12,-1004.52454
r2q1rk1/pp3pp1/4bb1p/2pp4/8/2NPQnP1/PPP2P1P/2KR2NR w - - 0 14,-362.35388
2r2r1k/6pn/5p1p/1p2P3/p1p2PN1/P6P/1P3RP1/1BR3K1 w - - 0 31,418.67755
1r1qkb1r/3n1ppp/ppB1b3/2p5/4Q3/4PN2/PP1B1PPP/R3K2R b KQk - 3 14,-40.80383
8/1b6/5kpp/1p2b3/1P2pp1P/B4P2/2B1K1P1/8 b - - 1 45,-190.99841
r4rk1/1bp2pp1/pp3n1p/3pb3/qP5P/4P3/N1PBBPP1/1R1Q1RK1 w - - 0 17,-142.32532
8/8/3K4/3BN3/2B5/4k3/8/8 b - - 8 59,2566.835
r3k2r/ppp1qppp/2n1pb2/3p1b2/7P/2PP2P1/PP1NPPB1/R2QK1NR w KQkq - 3 9,-109.97815
r1b1q2r/1p1kb3/p1n1p1Q1/3NP1B1/8/P4N2/1P4PP/2KR3R b - - 0 19,606.2108
3r2k1/pp3B1p/6p1/1bp3P1/3bPN2/8/3N1P2/2Q1K2R b - - 0 29,640.0741
r1bq1rk1/ppp3pp/2np2n1/4p3/2P1p3/2NPPNPP/PP4B1/R2QK2R w KQ - 0 11,-129.00208
r3k2r/ppqn1p1p/4b3/1Pb1p3/P1p2p1P/2P1P1P1/2QN1PB1/R3K1NR w KQkq - 0 16,-125.49231
3q2k1/r1r1nppp/p1Rp4/1p1PpQ2/1P1pP1N1/P2P2PP/5P1K/2R5 w - - 5 28,84.098206
r4rk1/1p1b1pp1/p2Pp1p1/3pn3/3P4/1P6/1P3PPP/R1B2RK1 w - - 0 17,-386.13757
rnbq1rk1/pppp1ppp/3b1n2/4p3/4P3/2NP1N2/PPP2PPP/R1BQKB1R w KQ - 5 5,-21.064327
5rk1/7q/r1p1p2p/p2nP1p1/1p1P1p2/6BP/PP3PP1/R2Q1RK1 w - - 0 28,70.83179
2kr2r1/pbppq2p/4pn1B/2b2p2/8/P4P2/B2NN1PP/R4RK1 w - - 0 25,-760.1361
r2qkbr1/pp1b1ppp/2n1pP2/1B1p4/8/5Q2/PBP2PPP/2KR2NR w q - 5 11,-120.91492
2kr2nr/pbpp1ppp/1p6/3N4/4P3/3B4/PPP3PP/R2K3R b - - 4 15,-123.9668
2r1kb2/p2b4/p3p3/3pN2R/3P3P/P1P3n1/1P6/2K5 w - - 1 26,-579.71423
8/p7/2Pk4/P6p/4p3/3pK1p1/8/8 w - - 1 39,-470.99432
1k6/8/1P6/1PKB4/8/8/8/5b2 b - - 32 62,423.59094
3r1bk1/pq3pp1/2p2p1p/1pn5/P2P1B2/2P2NP1/3Q1P1P/1R2r1K1 w - - 0 22,-354.792
r1bqk2r/ppp2ppp/2n2n2/3pp3/2B1P3/2P2N2/PPP2PPP/R1BQ1RK1 w kq - 0 7,-19.378536
rnbqk2r/pppn1pbp/4p1p1/4P3/2BP4/2N2N2/PP3PPP/R1BQK2R w KQkq - 0 9,64.00867
r1bqkbnr/pppp1ppp/2n5/4p3/4P3/2N3P1/PPPP1P1P/R1BQKBNR b KQkq - 0 3,-29.949093
r4k1r/ppp1q1pp/2n1Bn2/8/3P4/1QP5/P3KPPP/R1B4R w - - 3 13,121.50256
r4r1k/pp6/3Q4/2p2P2/2b4q/8/P1P5/2K5 b - - 0 26,-987.0226
8/R4ppk/8/1P1K4/8/7r/8/1r6 b - - 0 34,-660.29675
rnbqk1nr/pp1pbppp/4p3/8/3P4/5N2/P1P1PPPP/RNBQKB1R w KQkq - 1 5,-28.058712
rnbqkb1r/pppp1ppp/5n2/8/2B1Pp2/5N2/PPPP2PP/RNBQ1RK1 b kq - 3 5,-18.404903
2kr1bnr/p1p1q1pp/1pn1p3/3pP3/8/P1NQ1N1P/1PP2PP1/R1B2RK1 b - - 2 11,67.25549
8/p7/2krpQ1R/8/3p1Pp1/P2K1q2/P1P5/8 w - - 15 50,-38.09643
5rk1/1b4pp/4pp2/8/1p5P/3P2B1/5PP1/5NK1 b - - 0 32,-428.50916
r4rk1/p1qb1ppp/1pn1pn2/8/2PPp3/P3B3/2P2PPP/1R1Q1RK1 w - - 1 15,-756.06714
r2qkb1r/pb3ppp/1pn1pn2/2pp4/3P4/1PP1PNP1/P4PBP/RNBQ1RK1 b kq - 0 8,-13.137081
r6r/p2kp2p/q1p3p1/1p1p2b1/1P1Pp3/P1P3Q1/4BPPP/RN2K2R w KQ - 0 19,269.3009
2r2rk1/p2bbppp/1q2p1n1/3pP1B1/2pP4/5NN1/PPQ2PPP/R3R1K1 b - - 4 18,-25.831661
2kr2nr/pppq1p2/7p/3Pp1p1/4P2P/3P1QP1/PP4BK/2R2R2 w - - 0 20,83.84192
r1bqk1nr/pp3ppp/2n5/2b1p3/8/1P6/PB1PPPPP/RN1QKBNR w KQkq - 2 6,-85.72424
r1bqkb1r/pp3ppp/2p2n2/1B1pn3/4P3/2P5/PP3PPP/RNBQK1NR w KQkq - 0 7,-44.236935
3bk2r/pp4p1/2n1b2p/6NK/7P/3Pq3/6P1/5B1R w k - 0 29,-1244.1154
2krr3/2q3pp/p1pbpp2/2ppn3/5B2/3P2QP/PPP1RPP1/4RNK1 w - - 4 18,-176.5011
rn1qk2r/pbpp2b1/1p2p2p/5p1n/2PP2pN/2NBP1B1/PPQ2PPP/2KR3R w kq - 0 14,142.60278
8/8/p2rk3/1p2pppp/8/PP3PPP/2R1K3/8 b - - 0 34,-218.0393
r1bqk1r1/ppp1b3/2n2p1B/3pp1Pp/6nP/1P2PP2/P1PP2B1/RN1QK1NR w KQq - 0 12,-44.73547
8/p3kp2/4pr2/3p4/4qPKQ/2r2N2/P5PP/6R1 w - - 8 34,-395.41943
4rr2/pb5k/1p1ppnqp/5p2/2PP1p2/1P1B1P1Q/P3R1PP/4R1K1 w - - 1 28,-330.85217
2kr1b2/Bppqppr1/p4npp/8/8/1P1P1N1P/1PP2PP1/R2Q1RK1 b - - 0 16,16.01868
rn1qkbnr/ppp1pppp/8/5b2/2pP4/2N1P3/PP3PPP/R1BQKBNR b KQkq - 0 4,48.7992
r1bq1rk1/p4ppp/1p2p3/2pp4/2PP1PQ1/P2NP1P1/1P1N3P/R4RK1 w - - 0 15,301.09607
8/8/3p4/2pPpnpp/2P1k1p1/6P1/5K2/3N4 w - - 10 49,-461.55017
4r3/Q3nrpk/5p2/1P5p/7P/4BBP1/1P2PP2/2R2RK1 b - - 0 26,1174.6188
8/8/5k2/6p1/7p/4K3/6R1/5r2 w - - 0 61,-308.255
7r/1p1k1p2/2p5/p6P/2N5/1n6/5K2/8 w - - 1 33,-730.68787
r1bqk1nr/ppp2ppp/2n5/4p3/1P2P3/3P1Q1P/1BP2PP1/R3KBNR b KQkq - 0 8,25.705692
5bk1/p1N2r2/6p1/3Q3p/5q2/P7/1PP2PPP/5RK1 b - - 4 29,424.1972
r1bqk2r/p1p1bpp1/2pp1n1p/8/2B1PP2/2N5/PPP3PP/R1BQ1RK1 b kq - 0 9,83.93616
r7/1p2r1pk/2R5/p2p1B1n/3P3P/N4P2/PP6/2K4R b - - 0 28,450.0907
1k6/1pp2Q1p/p2r4/8/4q3/2PnN3/PP3PPP/3R2K1 w - - 9 31,170.90466
r1b1k1nr/pppp1ppp/2n2q2/2b5/3NP3/4B3/PPP2PPP/RN1QKB1R w KQkq - 3 6,-2.389767
8/8/1p3b2/pk6/8/K7/8/8 w - - 0 65,-1108.0817
r2qk1nr/1pp2pp1/p1bpP1np/8/5P2/1BN5/PPP3PP/R1BQ1RK1 b kq - 0 12,82.67053
6r1/2qk1p2/2p4r/Q7/3pP1P1/6Rp/PP5K/8 b - - 4 34,-602.7926
r2r2k1/ppq2pp1/2p1bn1p/2B1p3/8/N1P2Q1P/PPB2PP1/R4RK1 b - - 2 16,162.94006
r3kbnr/ppp2ppp/n3p1q1/8/3P4/2N3B1/PPP1NPPP/R2Q1RK1 w kq - 0 10,129.35474
r2q1rk1/pp2ppb1/2p4p/3pBbp1/2PPn3/1N2P3/PP2BPPP/R2Q1RK1 w - - 7 14,-35.9259
8/8/8/3kNp2/5Ppp/4K3/6PP/8 b - - 5 46,433.92053
1r1q1rk1/3bb1pp/p2p1n2/1p1Pp3/4B3/1NR1BP2/PPQ3PP/2R3K1 b - - 2 22,-19.87756
r3k2r/1ppq1ppp/p1n5/4p3/1P4Pb/P2P1Q2/2P2P2/RNB1K1R1 w Qkq - 0 14,-235.15784
r4rk1/ppqn1ppp/3bpn2/1N1p4/8/2PP1N1P/PP2RPP1/R1BQ2K1 b - - 2 14,-133.11804
r1bqk2r/ppp2pp1/2np1n1p/2b1p3/2B1P2B/2PP3P/PP3PP1/RN1QK1NR b KQkq - 1 7,-36.885128
r1bq1rk1/pp2bpp1/1np1pn1p/8/2pP4/1P2P1P1/PB1NNPBP/R2Q1RK1 w - - 0 11,5.037479
5r1k/pp4p1/2p4p/6p1/3PQ3/PB6/1PP2qPP/1K2R3 b - - 0 27,394.59924
2r1b1k1/2p5/p1N1N1p1/7p/4P3/p2P3P/1PP3P1/5RK1 b - - 0 25,549.3446
8/5pKp/1p4p1/p1k2nP1/P2N1P1P/1P2P3/8/8 w - - 9 47,237.17603
rnbr2k1/p4ppp/2p1p3/1p6/2pP4/P1B2PP1/1PK3BP/R3R3 b - - 0 18,-154.98767
2kr4/p1pq1p1p/1p2b3/3p4/B2nn3/4QN2/P4PPP/R4RK1 w - - 0 16,-135.7771
8/7p/1p2k1p1/4P3/3K4/2N5/PP4PP/8 w - - 1 35,620.1808
r1bqkb1r/p2n1ppp/1Pp1pn2/3p4/3P4/2N1PP2/PP4PP/R1BQKBNR b KQkq - 0 7,-53.629513
r1bq2k1/p2pprbp/2p3p1/8/2P5/2NB4/PPQ2PPP/3R1RK1 b - - 5 14,67.09143
r1bqkbnr/5ppp/p1np4/1p1Np3/4P3/N7/PPP2PPP/R1BQKB1R b KQkq - 1 8,-16.936153
8/1B5p/4P1n1/p5k1/PP5p/8/7K/8 w - - 0 42,-78.41455
2r5/7k/p6p/2KP1p2/4p3/2R3P1/P6P/8 w - - 1 44,33.413822
8/7k/3R3p/5p2/7r/P1Np1K1P/1P3P2/8 w - - 4 44,474.54333
r2q1bnr/1p3k2/8/pBpNpp2/7p/4P2b/PPQ2P1P/1RB1R1K1 w - - 2 18,245.56677
r3k2r/2p2ppp/p1pbpn2/q7/6b1/1P1P1N2/PBP1NPPP/R2Q1RK1 w kq - 4 12,-22.360714
8/8/1R5P/8/8/2k5/1pr3PK/8 b - - 0 48,-143.17639
1r1n1rk1/pp3ppp/1nbNp3/2NpP3/5P2/2PB4/PP4PP/2KR3R b - - 0 18,95.052
3rkb1r/1pp2pp1/p4q1p/4p3/4R3/1QPP1N2/PP3PPP/1K1R4 w k - 1 16,-25.008175
4rr1k/1p1qb1pp/p1ppn1p1/4p3/1P2P1P1/PB1PB2P/2PQ1P2/R4RK1 b - - 3 19,18.57825
r2q4/pb1nkp2/1p1p1n1p/2pPp3/2P1PP2/2PBB1rP/P6N/R2Q1R1K w - - 3 17,88.99109
r1bq1rk1/pp3ppp/2nbpn2/3p4/2pP1P2/2P1PN2/PPBN2PP/R1BQK2R w KQ - 3 9,-73.2301
r3r1k1/pppb1ppp/1bn2n2/1B2p3/N3P3/5N2/PPPB2PP/2K1R2R w - - 4 14,-125.044556
3R4/8/1kp2K2/8/2n5/5P1P/2bp2P1/8 b - - 11 50,-159.3341
2rq1rk1/5ppp/p7/1p2pP2/3p4/N4Q2/PPP1BnPP/2K2R2 b - - 4 19,-390.55627
8/1p4kp/p4pp1/3p4/3Q4/2P5/PP3PPP/1q3BK1 w - - 0 26,475.2854
Qn3rk1/p1p2pbp/1p2p1p1/4N3/2PP1n2/2KB4/PP3q1P/RNB4R b - - 4 15,205.58923
r1b5/pp4k1/3p4/2p1p3/7P/3P2P1/PP2K3/2R5 b - - 0 25,-448.1245
r5k1/1p4bp/6p1/1P3r1n/1B1pp1P1/1P3P1P/1Q3R1K/8 w - - 0 29,52.90601
3r3r/2pkbn2/8/1n1pP1P1/7P/PK1P2B1/1P2qP2/R4R2 b - - 5 31,-724.0121
8/8/8/2K5/3pk3/8/8/8 w - - 0 54,-202.14075
3rk1nr/p4ppp/1pq5/2b1B3/8/P3PN1P/3P1PP1/2R2RK1 b k - 2 18,-710.44617
rnbqkb1r/ppp1p1pp/8/5p2/3Pn3/8/PPP1Q1PP/RNB1KBNR w KQkq - 0 6,11.573124
r2q1rk1/1pp1b1pp/p3p1b1/3nB3/3P1p2/PN2P3/1P3PPP/2RQKB1R w K - 0 14,-11.778439
4R3/1p3Pk1/7p/q7/3p2P1/2PB4/3K3P/4R3 b - - 0 31,548.4718
8/8/1K1k2p1/2p5/6P1/3P4/2P4P/8 b - - 0 37,335.26636
r2bk2r/2pq4/p1Rp4/Pp1Ppp2/4P1pp/P2PB3/5PPP/3Q1RK1 w kq - 2 22,102.77698
rnbqk1nr/pp1p1ppp/1b2p3/8/2PpP3/2N1B3/PP3PPP/R2QKBNR w KQkq - 0 6,-20.130978
r1b1r3/1p3pk1/p3p1p1/3pP1Q1/2B5/2N2P2/PPP5/2KR4 w - - 0 21,796.06287
3r4/r4kpp/Nb3p2/7P/8/1P3P2/PBPP2K1/8 b - - 0 28,-628.0271
1rbqk1nR/pp2p1b1/2p2p2/3p2p1/8/2PP2P1/PP2PPB1/RN1QK1N1 b Q - 0 10,398.1576
4rrk1/pp3pp1/2p1p1b1/q2p4/1bPP2Q1/1P2PN1P/PB3PP1/3R1RK1 b - - 4 21,68.188354
r3r1k1/1pq2ppp/p2b1n2/3pnN2/8/2P1B1N1/PPQ2PPP/R4RK1 b - - 8 19,-47.520138
2rq1rk1/1bp2pp1/p2ppb1p/1p2n3/1P6/1BNP1N1Q/P1P2PPP/R4RK1 w - - 0 17,-102.41394
rnbqk2r/1pp2ppp/p3p3/3pP3/1B1Pn3/P2B4/1PP2PPP/R2QK1NR b KQkq - 1 9,-9.753048
r1bqkb1r/pppnpppp/3p1n2/8/3PP3/2N2N2/PPP2PPP/R1BQKB1R b KQkq - 4 4,67.642944
1n6/6kp/3b4/3p1r2/1pP1p3/2K5/6rP/8 w - - 0 31,-2288.8271
rn3rk1/3bq1p1/1p2p2p/2PpP3/4pP1P/P3P1P1/3B4/RN1QK1R1 b Q - 0 18,-125.57239
rn3rk1/1bqpnpp1/pp1bp2p/P1pP4/2P1P3/2NB1N2/1P3PPP/R1BQ1RK1 w - - 1 11,49.844852
8/pp5k/7P/P7/3p4/KPrn2p1/5p2/3R4 w - - 0 53,-691.0476
rnb2rQk/ppp3bp/6pN/4p3/8/8/PPP2PPP/RN2R1K1 b - - 6 16,542.7179
r2qkb1r/pp3ppp/2n1pn2/3P4/3P2b1/2N2N2/PP2BPPP/R1BQK2R b KQkq - 0 8,45.53699
1kr3r1/1bp5/pp1p4/7q/P4Pp1/1P4P1/1BQ1R2P/3R2K1 w - - 1 33,-229.00671
5k2/3r2r1/2p5/1p1p2P1/1P1P1P2/P3P1R1/3KN3/8 b - - 1 46,121.494995
r5k1/ppp2pp1/2p4p/3q2n1/6QP/PP1Pr3/1BP3P1/2KR3R b - - 0 18,-244.30365
rnbq1rk1/pp2bppp/3ppn2/2p5/2B1P3/P1N2N1P/1PPP1PP1/R1BQ1RK1 b - - 0 7,-20.320919
r7/1p1Rkpp1/p1p1p2p/q3P3/P1B1P3/2P2Q2/5PPP/6K1 b - - 1 22,473.61865
rnbq1rk1/1pp1bp1p/p2p1np1/8/2B1PQ2/3P1N2/PPP2PPP/RNB1K2R w KQ - 0 8,16.119267
2r3k1/1b3rp1/2p1p1np/b2pP3/3P4/B5N1/P3RPPP/3R2K1 b - - 1 25,-252.51166
r4Bk1/3pqp2/p3p1p1/1pp4n/6Q1/1BPP4/PP2K2P/RN6 b - - 0 20,428.167
1k1r3r/p4R2/1p5p/3b4/2B3P1/PP3P2/2P4P/2K3NR w - - 0 25,470.66565
8/8/p2kbbNn/p2P3P/P7/8/1PP1KPP1/2BQ1BN1 w - - 1 28,1256.5138
8/p3pk2/1p2Rb1p/2p1B1p1/8/1P5P/P4PPK/3r4 w - - 2 31,-119.2749
rnb2rk1/pppp1ppp/8/3P4/2NP2n1/7P/PP2P1P1/RNB2BKR b - - 0 11,384.84656
r4rk1/1p3ppp/p7/3p1b2/3Pp3/PB2q3/1P2N1P1/R1Q1R2K b - - 1 24,17.88062
r4rk1/ppp3pp/3b4/3qnp2/Q5b1/P2B4/1PP2PPP/R1B1R1K1 b - - 3 19,-269.56165
r4rk1/bp1n1pp1/3p1n1p/1Pp1p3/2P2Pq1/2NPPR2/1B2Q1PP/R3N1K1 w - - 3 18,-100.138306
rn3rk1/2qbbpp1/3ppn1p/6N1/P6B/1P6/5PPP/R2QR1K1 w - - 0 19,-753.3681
4r3/1bpq2kp/ppn3p1/3p1p2/3P4/N1PB3P/PP1Q1PP1/4R1K1 w - - 2 23,65.51715
7k/2R4p/pr4p1/3B4/2P5/3KPP2/P6P/8 b - - 0 35,564.43787
1r2r3/4n2p/2bpQppk/2p1p3/2B1P3/3PNP1P/3q1PK1/8 w - - 2 33,-825.1798
3q1rk1/5p1p/Bp3np1/8/P1Q5/5PP1/1P2R1KP/8 b - - 0 28,36.197147
8/1pb3pk/2p1B1Np/3p4/r2Pp3/P1r3P1/5P1P/R1B2RK1 w - - 3 36,425.4364
8/kb1r2b1/ppr4p/6p1/2P5/4PP2/PP1B2PP/3RK2R w K - 0 27,-220.28894
r7/pp1pk1N1/2n2p1B/8/8/6P1/4P2P/4KB1Q b - - 0 30,752.8009
r1b1kbnr/p4ppp/1qp1p3/3pP3/3p4/P1N2N2/1PP2PPP/R1BQK2R w KQkq - 0 11,-81.64075
8/6p1/8/5k2/7R/3r1PK1/8/8 w - - 0 48,-96.515015
5nk1/6pp/3Pp3/1p2P3/1P6/4q2P/6PK/3Q4 b - - 1 34,-302.27625
rnbq1rk1/pp2b3/2p1p1pB/8/3PQ3/8/PPP2PPP/R4RK1 w - - 0 15,-468.5409
rnb1k1nr/pp3p1p/6p1/4q3/3p4/2PB1Q2/PP1BNPPP/R3K2R b KQkq - 0 12,149.16516
r2qkb1r/pp3p1p/2npb3/2p3pn/2P1P3/3P3P/PP1NB1PB/RN1QK2R b KQkq - 3 10,-58.852657
2rq1rk1/2p1bpp1/1p1pbn1p/p7/P1P1P3/1PBP2P1/3Q1PBP/R3K1NR b KQ - 2 15,33.2345
2kr4/2p2p2/Q4bp1/3q4/4RP2/1P6/P2P1P2/4R2K b - - 1 34,260.48218
r1b1k2r/2p2ppp/ppq1pb2/8/3P4/4BNP1/PPP2K1P/R2QR3 w kq - 0 15,-126.614136
r5k1/p4pp1/2R2n1p/4p3/RP2P3/5P1N/6PP/3r3K w - - 1 29,-132.479
4rrk1/p1p1qppp/8/2b1n3/4Q3/1BN2P2/PPP2P1P/R4R1K w - - 3 16,-13.6758995
r2q1rk1/2p2ppp/8/3p4/p4Qn1/2P4N/3P3P/R1B1KB1R b KQ - 1 18,233.9303
8/3P4/8/1p4pk/1P2b1r1/p1PR1K2/P7/8 w - - 3 45,-321.3247
4k3/1p3p1p/8/2pP4/4P3/r4P2/2K5/7Q b - - 0 32,390.23206
rn1qk2r/pbpp1ppp/1p2pn2/4P3/1b1P4/2N2B2/PPP2PPP/R1BQK1NR b KQkq - 0 6,17.906132
r5k1/r5pp/2p1pp2/q1Pp4/P2P1N2/4P1P1/2Q2P1P/R5K1 b - - 3 25,-89.2384
1r3r1k/2pb2pp/1p1p1q1b/1P1Bp3/2P2p1P/3P2P1/3BPPK1/1RQ2R2 w - - 5 23,-49.080196
q3r1k1/4np2/1P2nQp1/3b3p/P1p4P/5P2/3R3K/3R4 b - - 0 41,-637.6682
r5k1/p5p1/1pp2r1p/2B1R3/6P1/P1P5/1P6/3R2K1 w - - 0 28,395.3778
r6r/ppp1qk1p/2n1p1p1/4P1P1/2Pp1P2/3B3P/PPQ5/R3K2R w KQ - 2 21,21.813114
r1b1r1k1/pp3ppp/2n1p3/q7/2BP4/P1P2N2/2Q2PPP/R4RK1 b - - 0 15,-0.15807757
r3k2r/pbq1b1pp/1pn1p2n/3pPp2/2pP1PP1/2P2N1P/PPB5/RNB1QRK1 b kq - 0 12,-33.305782
2kr3r/ppp4p/2n3p1/5b2/2P2B2/3P1N2/Pb4PP/3RKB1R w K - 0 17,-143.4508
2r2rk1/1pbbqpp1/1nn1p2p/p7/4N3/PPQBP3/1B2NPPP/2RR2K1 b - - 6 18,34.194218
5rk1/pp3pp1/2n1p3/3p2qp/Q2R4/P4PN1/1P4PP/6K1 b - - 0 25,-282.12024
r1b1kb1r/ppp3p1/2np1q1p/3Qp3/2B1P3/P4N2/1PP2PPP/R1B2RK1 b kq - 0 10,113.83386
r2qk3/pppbbp1r/2n1pn2/3pB3/3P1p1p/2PBP2P/PP2N1P1/RN1Q1RK1 w q - 0 13,57.138065
r1bqk2r/ppp1ppbp/2n2np1/3p4/3P4/2PBPN2/PP3PPP/RNBQK2R w KQkq - 3 6,-22.262814
rn1qk2r/1b3ppp/pp2p3/2b5/8/2PB1N1P/P1PBQPP1/R4RK1 w kq - 0 14,11.600468
8/pp3k2/2p1b1p1/5pK1/7P/6P1/r7/8 w - - 2 40,-972.829
3r1k2/5p2/4p3/p6K/P7/b4P1P/3pB3/6R1 b - - 0 39,-293.5304
r2qk2r/2pbppbp/p1n3p1/1p6/8/BBP2N2/P1PP1PPP/R2QR1K1 b kq - 1 11,-19.089962
5nrn/4q1rk/p1p1p2p/PpPpPp2/1P1P4/3K1BP1/4QRNP/5R2 b - - 8 31,153.81244
3k4/pp3ppp/2p2n2/5b2/1PP2P2/P1N4P/5KB1/8 b - - 0 22,-130.02356
4N3/4k1K1/5PB1/8/8/8/8/8 b - - 0 57,2297.0059
r2qkbnr/3b1ppp/p3p3/1p1pP3/2pP1P2/2P2N2/PPQ3PP/RNB2RK1 w kq - 0 11,-14.122677
8/R7/6k1/2pP4/2P2KP1/8/p6r/8 w - - 0 56,-24.387936
rnb1k1nr/pppp1ppp/4pq2/8/8/1PB1P3/P1PP1PPP/R2QKBNR b KQkq - 0 5,29.381474
8/p7/6k1/8/5P2/P7/6PK/8 w - - 1 55,242.70227
8/8/1k6/5K2/8/6p1/8/8 w - - 0 49,-247.9972
8/8/R2p3p/3k1b1P/7K/8/4r3/8 w - - 0 49,-546.37024
8/8/p5k1/1p3p2/3b4/3P2n1/PPP2RP1/6K1 w - - 0 41,9.302128
r1bqk2r/pp1nppbp/3p1np1/2p5/2PPP3/3B1N2/PP3PPP/RNBQK2R w KQkq - 0 7,6.890262
r2q1rk1/pp2bppp/4p3/2pPP3/5P2/3P1Q2/PP4PP/R1B2RK1 b - - 0 14,51.02857
4k2r/1pr2p1p/p5p1/3Bp3/PbP5/8/2N1KPPP/3R4 b k - 1 24,-356.5246
rn1qkbnr/pb1ppp1p/1p4p1/2p5/4PP2/2NP1N2/PPP3PP/R1BQKB1R b KQkq - 0 5,32.164677
r2q2b1/1p4k1/p2p1pP1/6P1/3Q4/3B4/PPP5/2K2R2 b - - 2 23,366.53815
3R2k1/1p2pp2/7p/pB4p1/P4nP1/1b3P2/5K2/8 b - - 1 38,-70.43677
r5r1/pR5p/4kp2/2p1p3/8/P5P1/P2PnP1P/2B1R2K b - - 1 18,194.33484
3r1b1r/3k2p1/2n1p3/pB1p3p/3PpPn1/4P2N/PPPB2PP/2KR3R b - - 0 16,237.15108
1r1k4/3nq1b1/2Q1p1pp/4p3/1PP1N3/P2PP3/6PP/5RK1 b - - 0 28,-100.88306
r1bq1rk1/pp1pn1pp/1bp5/1Q3p2/1P6/P4N2/1B1N1PPP/R4RK1 w - - 0 16,-188.86584
r1bqk1nr/p1p1bppp/1pp1p3/8/4P3/3P1N2/PPP2PPP/RNBQK2R w KQkq - 1 6,-25.263058
rnbqkbnr/pp2pppp/2p5/3p4/3P4/1QP5/PP2PPPP/RNB1KBNR b KQkq - 1 3,-49.859493
1k6/1p5p/5bp1/1P1n1b2/2p1p3/2P4P/P2N1PP1/R4RK1 b - - 1 25,420.8075
r3kb1r/1p1bnppp/pq2p3/3pP3/3N4/2NB4/PP3PPP/R1BQ1RK1 w kq - 1 11,111.74402
8/2r5/p5bk/1p6/P7/1P6/2P2R2/2K5 b - - 2 37,-371.80774
r4k1r/pp3ppp/8/2p1PPq1/Q2pP2b/1P1P2P1/PB3R1P/R4nK1 w - - 0 20,-251.61694
4r3/8/2p1p1k1/pp2P3/5ppP/P1P5/5B2/6RK w - - 0 37,241.24841
3r3k/p1p4p/2P3pn/5p2/1PN1p3/Pn1p2NP/5KP1/3R4 b - - 3 39,-160.12048
r7/pp2p1kb/2p3p1/8/2P1P3/1q1n1P1N/3rBKP1/3NR3 w - - 2 31,-1183.6917
8/1k3R1p/8/p5p1/P7/5P2/5KPP/r7 b - - 4 35,161.57397
6k1/6pp/2p1qB2/3p1p2/1P6/P1Q4P/5PP1/6K1 b - - 0 34,290.5846
8/1p6/1P6/p2p4/P3pkp1/5n2/6K1/5R2 b - - 1 45,-354.8532
8/8/8/4NK2/6p1/6k1/7p/8 w - - 0 55,-358.8629
2r3k1/1b1r1ppp/p7/5N2/Pn2N3/5P1P/1P1p2P1/1K1R3R w - - 4 28,-157.56311
rn1q1rk1/ppp3bp/3p1np1/4p1B1/4P3/2NP1Q2/PPP2PPP/R3K1NR w KQ - 5 10,26.75623
r3k2r/1bqp1p1p/pp2p1p1/2p5/2PbP1Q1/1P1P3P/P2N1PK1/1R3n2 w kq - 0 21,-1105.6198
2kr2r1/pp3p2/3b4/2p1q2p/8/1B1P3P/PPP1Q3/5R1K w - - 2 26,-551.00525
1r1q1rk1/2p2ppp/b1n1pn2/p2p4/PpPP1N2/1P2PN2/5PPP/R2QK2R w KQ - 0 16,-389.87085
5r2/6k1/p1p4p/1pP1q1p1/1P2p1Q1/P6P/4B1PK/8 w - - 2 42,-332.55188
8/8/3kb1pp/4R3/p2P1KP1/P6P/8/8 b - - 0 45,349.23718
3r1r1k/6pp/p7/1p2Qp1q/4n3/5N1P/PPP2PP1/R3R1K1 w - - 1 25,130.93994
2rqk2r/3n2b1/p2Q2pp/1p2p3/4Pp2/2P4P/PP3PPN/RNB1R1K1 b k - 0 20,446.22156
8/2pk3p/5Bp1/2P5/2K5/6P1/3r4/8 b - - 2 38,-412.0586
1r6/5k2/3PP3/1PN5/2RK4/8/8/8 b - - 0 78,621.9658
r1bqk2r/pp1pn3/5p1p/2p3p1/3pP3/3P2P1/PPPQNP1P/2KR1B1R w kq - 2 13,121.980774
r1bqrnk1/1p2bpp1/p1p1p2p/P1PpP3/1P1P4/3BP2P/2QN2PB/R4RK1 b - - 0 18,125.21594
r4rnk/pp1b1p2/1qn1pPp1/3pP1Np/1p1P4/1N1BQ3/P1P2R1P/5RK1 b - - 3 24,178.87598
r2q1rk1/4bppp/p2p4/8/4b3/5N2/PP2BPPP/R1BQ1RK1 b - - 1 14,289.9115
4k3/4p3/3p2p1/2nP1p1p/2P2Pn1/7Q/4K3/8 b - - 1 39,209.39868
r4rk1/pp1b3p/2n5/3N1pp1/3Pp3/4P1P1/PP1K1PBP/R6R w - - 0 16,147.5597
rn1qkb1r/pp1b1ppp/2pp1n2/1B1Pp3/Q3P3/2P5/PP3PPP/RNB1K1NR w KQkq - 0 7,-11.5682335
8/8/2rkp1p1/2rp1pP1/1K6/2P1R2P/8/4R3 b - - 4 43,-192.64337
r1b2rk1/pppp1pp1/1q5p/4P3/5P2/N7/P3B1PP/b2Q1R1K b - - 4 14,-587.58704
5rk1/2pR2p1/5p1p/8/1p6/5P1P/6PK/8 w - - 0 31,-171.6594
2kr1bnr/ppp2p1p/2np1qP1/8/8/3B4/PPP2PPP/RNBQK2R b KQ - 0 9,34.834843
4r2k/p1p2Rp1/7p/8/P7/6P1/6KP/8 b - - 1 31,-52.417233
r1b1kb1Q/pppp1p1p/n5p1/3q4/8/2P5/PP4PP/RNB1KBNR b q - 1 11,667.6935
2rqr1k1/3n1pbp/4p1p1/1p1p2NP/2bP4/P5P1/2Q2PB1/R1BR2K1 b - - 0 22,-165.09607
1k1r3r/1ppbbqp1/p1n1p2p/P4p2/1P1PpP1P/2P1P1PN/1N1B4/R2QK1R1 b Q - 12 17,-203.21985
3rr1k1/p4ppp/5b2/8/3pb3/PB4P1/1P1B1P2/R3R1K1 w - - 2 27,-157.07361
3r1rk1/ppp3pp/1b1p3q/4np2/2P5/1PN1P1P1/P4PKP/R1BQ1R2 w - - 0 18,-103.16394
2r2rk1/1bqnbp1p/p2pp1p1/1p5n/4PPP1/P1NBBN1P/1PP2Q2/R4R1K b - - 0 16,23.503788
2r5/1p3ppp/4k1b1/p7/1N3p2/2P2P2/PP3KPP/3R4 w - - 2 24,-89.20264
5rk1/5ppp/p7/4P3/8/1P5P/P3q1PK/3R4 b - - 0 38,-615.53687
r2qkbnr/p3pppp/1pnp4/8/2Pp4/N3PP1P/PP3P2/R1BQKB1R w KQkq - 0 8,-79.752075
5rk1/1pp3p1/6rp/pq1nPp2/3BpP2/P3P3/3N1K1Q/R6R w - - 0 29,155.62036
2k5/p1p1p1bp/1p2b1p1/8/5B2/1P4P1/P1P1P1BP/3K4 b - - 0 19,-108.44568
4r1k1/p4ppp/2p5/3b4/8/5NQ1/Pq4PP/4R2K b - - 1 28,-308.30103
r3k2r/pp1qbppp/2np1n2/4p3/1PP5/P2P1N2/4BPPP/R1BQ1RK1 w kq - 1 13,13.871464
r4rk1/p4ppp/q2p1n2/2p5/8/1P1PP3/PB2K3/3N2R1 b - - 3 26,-1019.6012
rn1r4/ppq1pbkp/2p3p1/8/2P1P3/1PN2P1N/P3B1P1/R3K2R w KQ - 5 19,-644.64355
8/6pp/2kpp3/5p2/2KP4/4PPP1/7P/8 b - - 0 40,-30.426632
r4rk1/5ppp/2pp2b1/pp6/4P1P1/1PPP3P/1P2KR2/5R2 w - - 0 26,-479.67493
r4rk1/5p1p/p1p3p1/2N2n2/5P2/P1bP4/1B2Q1PP/R5K1 b - - 1 21,384.71277
r1bqk2r/ppp1npbp/6p1/3p4/1P1Pn3/P3PN1P/1B1N1PP1/R2QKB1R b KQkq - 1 10,1.3597447
r2qk2r/p2pp2p/2n3p1/1pp5/4Q3/1P6/PbPP1PPP/R3K1NR w KQkq - 0 19,-412.24463
8/4k3/8/1pK5/1P6/2P5/8/8 w - - 2 47,122.90149
r4rk1/p4p1p/1p4pn/1Qb2b2/3p4/4q3/PPP3PP/RN3R1K b - - 1 19,-908.21814
8/6k1/5p1p/5P1P/pp1qP3/2r3p1/P1PK4/1R6 w - - 0 47,-804.14197
r2q1rk1/pbp1bppp/5n2/8/4p3/7P/PPPN1PPN/R1BQ1RK1 b - - 1 13,-171.922
rnbqkbnr/pp1p1ppp/4p3/2p5/2PP4/5N2/PP2PPPP/RNBQKB1R b KQkq - 0 3,-8.22131
rnbqkb1r/ppp2ppp/5n2/3pp3/2P5/2N1P3/PP1P1PPP/R1BQKBNR w KQkq - 0 4,-62.51965
1k6/1ppr1p2/p1q1p1r1/4B3/P1PPP3/6Rp/2Q4P/5RK1 w - - 1 31,338.94525
4R2k/pq4pp/1p3n2/5p2/3N4/1QP5/PP3PPP/6K1 b - - 0 25,407.43542
3N4/4r1p1/5p1p/1p1k4/8/6PP/5P2/5K2 b - - 3 42,-435.6037
rnb1kbnN/pp4pp/5p2/8/2p1P3/8/PPP2PPP/RNB1KB1R w KQ - 0 9,454.28235
8/8/3b4/3B4/8/p7/1k1K3p/8 w - - 0 56,-1069.2316
rnbqk1nr/pp1pppbp/6p1/2p5/2PP4/2N5/PP2PPPP/R1BQKBNR w KQkq - 0 4,-8.697872
2r1r1k1/4Qpbp/p1p3p1/1p6/6n1/1PP2N2/PB1N3P/R1K5 b - - 0 26,366.34216
3r3k/pp4p1/2n1Nr1p/7Q/3P4/8/PP4PP/3R3K w - - 2 29,518.6697
2k5/1pp2ppp/p4n2/8/PPP5/6PP/2br1P2/4RBK1 w - - 3 26,-497.039
r1b1kb1r/pp2qp1p/2nppnp1/2p5/5P2/2PPPN2/PP2B1PP/RNB1QRK1 b kq - 0 8,-17.536495
r1b2rk1/ppp2ppp/5n2/1B2n3/4P3/1PN1P3/P2R1PPP/2K3NR w - - 3 13,39.701786
2r2rk1/6p1/p1Pq2p1/1pQ5/4P1b1/8/PP1N1PPP/2R2RK1 b - - 2 26,249.1261
3rnk2/ppp1p2p/r2P2p1/8/4P3/1BP1PP2/P1K4P/3R3R w - - 1 24,283.14038
8/8/1pn5/2k3R1/2P5/2KPr3/8/8 b - - 16 62,-401.1261
8/pp2Qqk1/6p1/2p5/8/1P5P/6P1/7K w - - 6 44,135.03323
r4rk1/p2qbpp1/2pp1n1p/1p2pP2/8/PPNP2B1/1P3PPP/R2QK2R w KQ - 1 15,-22.513302
4r3/5k1p/p5p1/1ppBB3/8/2P3PN/PP5P/4R1K1 b - - 1 28,870.37537
r1b1k2r/ppp2ppp/3bpq2/4N3/4B3/2NP4/PPP2PPP/R1BQ1RK1 b kq - 0 13,555.87146
r2qr1k1/1pp1bppp/p3bn2/3p4/3QP3/1PN4P/PBP1BPP1/R4RK1 w - - 0 14,-9.149776
2kr3r/pbp2p2/1p5p/4p3/4PqP1/P1NR1P2/1PP1Q3/1K5R b - - 0 20,-52.744015
8/p6k/1p4pp/3Bp3/P2bP3/5P2/3RK2P/1r6 b - - 1 29,-184.32922
r1bq1r1k/pp4pp/5n2/3p1p2/1bPN4/1P1P2P1/PB2RPBP/R2Q2K1 b - - 5 15,0.45398298
r5r1/p1kq4/Qppp4/6P1/P2NP3/2N3B1/1P4P1/2K5 b - - 0 37,352.422
r1bqk2r/ppp2ppp/2n1pn2/3p2B1/1bPP4/2NQ4/PP2PPPP/R3KBNR w KQkq - 6 6,-64.15051
r7/pp1k3p/2p5/3pB3/3P3P/8/PPb1N1P1/6K1 b - - 1 29,-266.8136
5rk1/p3r1p1/1p5p/2pPqR2/2P1P3/8/PPQ1N1PP/7K b - - 0 31,-81.36987
4r1k1/3n2p1/3N1p2/3p4/1p1B1P2/1P1q2Pb/P4Q1P/2R3K1 b - - 4 32,-12.859493
rnb1kb1r/p2p1ppp/1p3q1n/2p1p3/2Q1P3/8/PPPP1PPP/RNB1KBNR w KQkq - 2 6,-79.5802
r6r/1pNnqk1p/p2p2p1/P1pPp3/5b2/5Q2/1PPP1PPP/R1B2RK1 w - - 7 15,205.84949
8/8/2p5/8/1p2K3/1k1n4/8/4R3 b - - 3 56,-85.56415
r1q2rk1/ppp1np1p/2bp2p1/5PBn/2P1P3/2PP2NP/P5BK/R2Q1R2 w - - 4 17,111.95715
r4rk1/1p4pp/2np1n2/1p2pb2/8/2P1BN1P/PP3PP1/RN2R1K1 b - - 1 13,-83.27417
1r4k1/1rq1bp1p/1N2p1p1/P1Pp4/1P6/1Q2R3/5PPP/3R2K1 w - - 3 26,45.789677
8/5b2/6N1/5p1P/8/4PPP1/1bk5/6K1 w - - 1 41,-286.0371
r6r/bp2k3/p3N1pp/2p5/2B1n3/Q3P1P1/PP1PR1qP/R1BK4 b - - 1 30,310.1634
8/2p2pk1/8/2pKP1p1/2P3b1/3r4/8/8 w - - 0 40,-834.964
rn1q1rk1/pbp1bppp/1p1ppn2/8/3PPP2/2PB1N2/PP2Q1PP/RNB2RK1 b - - 2 8,49.574833
r1bqkbnr/ppp1pppp/8/3P4/8/8/PPPPQPPP/RNB1K1NR b KQkq - 0 5,-23.32336
r4rk1/2p2pp1/p1Q1p2p/4Rbq1/2NP4/1PP4P/P4PP1/R5K1 b - - 2 22,85.42731
6rk/p1p1q2r/2pp3B/4pp1Q/1P1bR3/3P4/P1P2PPP/5RK1 w - - 0 21,115.81262
r2q1rk1/pppnppbp/2n3p1/1B2P3/5B2/2N2Q1P/PPP2PP1/2KR3R b - - 0 11,33.34772
r1kQ3r/ppp3pp/2n1R3/8/1bB5/2p5/PP3PPP/RNB3K1 b - - 0 13,805.62024
8/6k1/7p/8/1b6/3q4/1n6/4K3 w - - 20 66,-4945.868
2r2rk1/4b1pp/1p2bn2/1P2p3/P3P3/R4PP1/2p3BP/2R3K1 b - - 0 25,-818.7888
4n3/p5pp/1k1R4/2r3P1/3P3P/P7/2P5/2K5 b - - 2 33,-231.91638
3r3k/6p1/p1p2p1p/1p2rQ2/1P2P2P/P2q4/5PP1/R3R1K1 w - - 2 30,37.441868
r3k2r/1b1p1ppp/pq2p3/1pb1PB2/3n4/2N2N1P/PPP2PP1/R1BQ1RK1 b kq - 0 15,118.26355
2k5/8/8/1R6/3R4/2N4P/PPP2PPK/2r5 w - - 5 36,1321.567
r2q1rk1/pp3pbp/3Q1np1/8/4P1b1/2N1BN2/PP3PPP/2KR3R b - - 0 14,92.191284
r1b1k2r/pp1pppbp/2n2np1/8/1qB1P3/1NN1B3/PPP2PPP/R2QK2R w KQkq - 8 9,60.316532
rnb1k1nr/bp3pp1/p1pp1q1p/4p3/1PB1P3/P1NPBN2/2P2PPP/R2Q1RK1 b kq - 2 9,58.396366
3r4/2p1PK2/1kp5/p7/P4p1p/1PB4P/2P2P2/8 b - - 0 36,150.2251
r1bqkbnr/ppp1pppp/8/8/3n4/1P6/PBPP1PPP/RN1QKBNR w KQkq - 0 5,-41.192013
r1q2rk1/p1pbbppp/3p1n2/2p2N2/4P3/2N2Q1P/PPP2PP1/R1B1R1K1 b - - 1 12,74.9303
7k/3R4/5K1p/P1p5/2P3P1/8/8/8 w - - 13 48,586.4568
rnb1k1nr/p2qb3/1p1pN3/2pNp2p/4P3/8/PPPBBPPP/R2Q1RK1 b kq - 4 12,581.6736
r1b1k1nr/p3ppbp/2n3p1/1pp1q3/N7/2P2P2/PP1PN1PP/R1BQKB1R w KQkq - 0 10,-143.07751
N6r/pp1bkpp1/2q1pn1p/3p4/P2P4/2P1P3/1P3PPP/R2QKB1R b KQ - 0 13,363.4198
r5k1/pp1R1p1p/n1p1bBp1/8/8/1P2PBP1/P4PP1/R5K1 b - - 0 20,566.0575
r1bq1rk1/p3b1p1/4pn1p/3p4/3N3B/2N5/PP3PPP/R2Q1RK1 b - - 1 14,-53.509884
rn1qk2r/2pb1pp1/p2bpn1p/1p1p4/3P4/P2BPNB1/1PPN1PPP/R2Q1RK1 b kq - 1 9,8.168583
r1k1r3/7p/1p4p1/n1b5/4P3/2NRN2P/PB4P1/5RK1 w - - 2 31,500.4414
r1bqk2r/1pp3pp/p1p2pn1/4p3/1b2P3/2NP1N2/PPPBQPPP/R3K2R w KQkq - 8 10,-16.904903
1k1r3r/1bq1n3/ppn2p2/2p4p/2PpP1p1/PP1P3N/6BP/R1Q1KN1R w KQ - 0 22,-342.06506
r1b2rk1/pp3ppp/8/3np1B1/B7/8/PP1K1PPP/R7 w - - 0 16,-660.9293
1r3rk1/6pp/4p3/p7/4N1P1/3P3K/7P/q1q5 w - - 0 31,-1980.8568
3r2k1/2Q2p2/4p1p1/4P3/3P1P2/b2P4/qB2K3/8 b - - 0 29,-434.19324
7R/3kP3/p1bP4/1p6/5B2/6P1/5K2/8 b - - 1 54,771.8441
2rq1rk1/1b3pbp/p2ppnp1/1P6/4P3/1QP1BP2/1P1NB1PP/3R1RK1 b - - 0 16,90.246216
r3r1k1/pp1b1p1p/5qp1/2pp3Q/3P4/2PB4/P1P2PPP/2KR3R w - - 0 16,42.261356
3r1rk1/p1q2ppp/5b2/1p6/2nP4/P1P4Q/1P3PPP/R1B2RK1 w - - 0 19,-304.3059
r1b2rk1/2ppqp2/p4n1p/1pb3p1/4P3/2NQ2B1/PP3PPP/R3KB1R b KQ - 1 15,-59.381466
r1b2rk1/1p5p/pB2R1p1/8/2p5/P7/3b1PPP/6K1 w - - 0 29,-853.4706
6k1/1b3pp1/p3p3/3pN3/3P4/3B3P/P3QPK1/2r1q3 w - - 2 32,-229.44617
rn1q1rk1/ppp2ppp/4pn2/8/1bPP1B2/2NQ1P2/PP2N1PP/R3K2R w KQ - 4 11,-122.70862
r1b1k2r/ppp3pp/4n2q/8/3p4/3PpPP1/PP2K2P/R1Q2BNR w kq - 0 17,-298.9546
rnb1kbnr/pp3ppp/3p4/2p1p3/1qP1P3/2NPB3/PP3PPP/1R1QKBNR b Kkq - 5 6,83.26062
r1b2rk1/1pp2ppp/5n2/1q2p3/pbNpP3/3P2PP/1BP1QP2/1K1R1BNR b - - 1 15,126.853516
8/5pk1/8/3Kp3/8/4r3/6p1/8 b - - 1 48,-3420.4653
8/8/5R2/1p1p1P2/pk4BP/6K1/3r2P1/8 w - - 0 54,377.87537
7Q/1p2kp2/pq2p3/3p2b1/3P4/1BPbP3/P5PP/R1B3K1 w - - 1 26,587.5985
r2q1rk1/pp2b1pp/2p1p3/3p3b/1P1PpPN1/2P1P2P/PB2Q1P1/R4RK1 b - - 0 20,-94.77673
8/4k2p/ppp3p1/3p4/1P2P3/P2q2N1/4RPPP/5K2 b - - 2 27,-181.04834
rnbqkbnr/pp2pppp/8/8/Q2p1P2/5N2/PP1PP1PP/RNB1KB1R b KQkq - 1 5,-85.96985
k5r1/1pp5/p3Np2/3PnP1Q/2r4P/P1P1P3/1PK2P2/3R4 w - - 2 36,604.4359
8/2R5/8/8/7P/kP3p2/2Q2P2/6K1 w - - 7 49,2242.5115
8/8/8/7p/7k/3R1K2/8/6r1 b - - 22 62,-139.19397
3r2k1/p3bppp/n7/2p5/5BNq/2P2B1P/PP6/R2K3R w - - 7 24,-430.32147
8/8/2p3p1/1p1bNkp1/p2P4/P1P2PKP/1P4P1/8 w - - 4 37,276.73584
r2qr1k1/ppp2ppp/2n5/6P1/3Q3P/NPP5/P2PP3/R3K1Nb w Q - 0 16,-845.746
r2qr1k1/p4pbp/2n1bnp1/2ppp3/6PP/PPN1PP2/1BPQ4/1K1R1BNR w - - 0 14,-157.1969
r1bqkbnr/pp2pppp/2n5/3p4/3P1B2/8/PPP2PPP/RN1QKBNR w KQkq - 2 5,-48.364376
rnb1kbnr/ppp2ppp/8/8/8/8/PPPPB1PP/RNB1K1NR b KQkq - 0 6,-62.390255
r5k1/p2n1pp1/2pp3p/2p5/P1br1P2/6N1/5NPP/2R3K1 w - - 0 25,-805.062
r1b1k2r/2b1np2/p1p2qpp/P1p1p3/N1B1P3/3P1N1P/2P2PP1/R2Q1RK1 b kq - 1 16,56.336308
3r1k2/5p2/1b2p1p1/p1pbP1PP/1pB5/1P6/P1PN1R2/2K5 b - - 0 28,97.84241
rn1q1rk1/p4ppp/2p1b3/1p2p3/8/PBBP1Q1N/2P2PPP/R3K2R b KQ - 0 12,179.32678
r1bqr1k1/p4p2/n1pb1p1p/1p1p4/3PPp2/P1NB4/1PPQN1PP/2KR3R w - - 0 13,109.20532
rnb1k1nr/pppp1ppp/5q2/2b1p3/4P3/2PPB3/PP3PPP/RN1QKBNR b KQkq - 2 4,9.087772
r1bqk2r/ppp2p2/4pb1p/4n3/2Pp1BP1/PB1P3N/1P2Q2P/RN2K2R b KQkq - 0 15,49.38135
r2q1rk1/pbp2pp1/1p2pn1p/8/2BQP3/2N4N/PP3PPb/R1B2RK1 w - - 0 13,158.9895
8/8/3K1k2/5Bpp/1R4P1/6r1/8/8 b - - 0 56,426.71753
r1bq2k1/1p2b1pn/p1p1p2p/5r2/2B2B2/2NP3P/PPPQ1P2/4RRK1 b - - 1 16,92.78137
3r1rk1/pbnq1pp1/8/3p2pQ/p2R4/2N5/1P3PPP/5RK1 w - - 0 23,-422.0863
6rq/4k3/p1b1p1n1/1p1pPpNp/2pP3P/2P1Q3/PPB2P2/6RK w - - 2 28,129.79626
3b4/8/1p2k2p/pPp2p2/P1P1pP2/2N1B1KP/5P2/3b4 w - - 15 42,99.232056
8/3q2k1/5p2/2Qr1npp/8/1P3P2/PB4PP/4R1K1 w - - 3 42,263.6671
5rk1/1p3p1p/2p3B1/3p3Q/r1qPp3/4P1P1/5PKP/b6R b - - 0 25,-636.48706
7r/1Q2kbpp/3p1p2/4p3/6nN/5N2/1P3PPP/3R2K1 b - - 1 24,848.5355
2r3rk/4b3/1p2N3/pP3p1n/P4P2/4P3/4K2B/R5R1 b - - 4 31,61.57581
5rk1/1pp3pp/2n5/4p1B1/2bp4/6P1/q2K1PBP/3R3R w - - 0 27,-766.9663
8/ppp1r1kp/6p1/8/8/1PK3P1/2PR3P/8 w - - 1 41,-240.06403
rnb2rk1/1p3ppp/p1pbpn2/8/3P4/2N2N1P/PPP1BPP1/R1B1R1K1 w - - 0 11,22.228886
2k2b1r/ppp4p/2n2q2/2r5/4N3/PP5P/1BP5/1K1R3R b - - 1 23,-654.93713
r2qk2r/p4ppp/2p1pB2/3p4/8/1P2P3/P1PQ1PPP/R4RK1 b kq - 0 14,44.33118
4b1r1/3kP1r1/2pBp3/1pP2p2/pP1P3P/P5P1/5K2/6R1 w - - 3 41,-242.68848
8/8/PP6/2K2kp1/5p1p/2r2P1P/4R1P1/8 w - - 1 62,355.578
rnb1kb1r/pp4pp/4p3/q1PP2p1/8/8/PP2KPPP/nN1Q1BNR w kq - 0 12,-649.3855
r1bq1rk1/pp2bpp1/2p2n2/3ppB2/2PP4/2NQPNP1/PP3PP1/R3K2R w KQ - 5 14,19.945683
6rk/1pp2p1p/2nr4/4P3/2P5/1b1P1P2/qB2Q2P/2K1R1NR b - - 0 30,-135.28357
r4rk1/1p2qppp/p3p1n1/2p5/4P3/2N2Q1P/PPPR1PP1/3R2K1 w - - 2 17,-17.484615
r2q1rk1/1pp2ppn/p1npb2p/8/3NP1B1/P7/1B3PPP/2RQR1K1 b - - 1 17,-67.11621
r1b1kb1r/ppp3p1/2q4p/4p3/8/3P1Q2/PPP2PPP/RNB1K2R w KQ - 0 11,-43.0603
r4rk1/p1pn2pp/1p1ppn2/5p1q/2PP4/P1BBPP2/1PQ2P1P/R3R2K w - - 3 16,-25.70184
8/2pk1R1p/1p3p1r/p7/7P/8/PP6/1K6 b - - 1 34,-260.82227
r1bqk2r/1p2bppp/p3p3/1N1p4/8/3QB3/PPP2PPP/R3K2R w KQkq - 0 14,-171.09338
rnbqk1nr/pppp1pbp/4p1p1/8/2PP4/4P3/PP3PPP/RNBQKBNR w KQkq - 0 4,-0.12658343
r1bqk1nr/pppp1ppp/2n5/6N1/1bB1P3/2p5/PP3PPP/RNBQK2R w KQkq - 0 7,-34.578976
8/5pk1/3q4/3Q4/3K4/2PP2p1/2P5/R1R5 b - - 4 38,761.97766
4r1k1/5pp1/p4n1p/PrP5/1PR3Pb/B3pN1P/6K1/R7 w - - 3 35,-63.1611
5r1k/p7/1p5p/6pR/3P3n/3QP2P/P5P1/2q2NK1 w - - 0 28,-64.837524
6k1/1p3p1p/p3p3/1b1pP2B/1Q3P2/1P2N3/q2r2PK/8 b - - 0 29,-323.34204
2r2rk1/pq2b1p1/1pp4p/3p4/1P1PpP2/P3P1PB/2R4P/2R2QK1 b - - 3 23,-64.94147
r2q1rk1/pp1n1ppp/4p1b1/3pP1b1/3P4/5N2/PPP1Q1BP/1K1R3R b - - 1 16,-397.09192
5r2/1p4pp/1p2k3/1B6/P3P3/2b2b2/5n1P/2R2K2 w - - 0 37,-682.9193
r2n2k1/p2q1p1p/1p3Q2/2pP4/2P3bP/3P1N2/PP6/RN2KB2 w Q - 0 24,354.9276
1rnn1rk1/2q1b1pp/2b1p3/p1p1Pp2/PpPp1PP1/1P1P2NP/3Q1NBK/R4RB1 b - - 2 23,65.743774
8/3k4/K7/2p5/1q6/8/8/8 b - - 12 64,-3648.4443
r5nr/p3kppp/1p6/3Pp3/R7/3P1P1B/3K1P1P/7R b - - 2 19,-102.78894
4rrk1/1p1b1pp1/pq1p3p/2pP1P1P/7b/PP1B1N2/2P3P1/R2Q1K1R b - - 1 21,-192.58557
rnb2rk1/ppppb1pp/5n2/5p2/5P2/2NP4/PPP3PP/R1B1KBNR w KQ - 3 8,-55.060177
r1bq1rk1/ppp1n1bp/2n2pp1/1B1pp3/4P3/2PPBN2/PP1N1PPP/R2Q1RK1 b - - 1 9,20.802616
r3k2r/2p1bpp1/p1pq3p/8/5pN1/2PP3P/PP3PP1/R2QR1K1 w kq - 3 18,34.768192
8/4k3/3p4/3P2P1/8/8/3K4/1q6 w - - 0 52,-480.55627
r3k1nr/2pqbppp/p1n1p3/1p2P1B1/3P2Q1/1PP2N2/5PPP/RN2K2R b KQkq - 5 14,30.912968
4rrk1/1bp2pp1/p2p3p/1p2p3/1P1PP1nP/2P1P3/P1BN1RP1/5RK1 b - - 6 27,6.397159
rnbq1bnr/ppp3pp/3ppk2/5p2/2PP4/1P2PN2/P4PPP/RNBQKB1R w KQ - 0 6,158.03137
r2qk2r/pp1n1bp1/2pb1n2/7p/1P3Qp1/3P4/P1N1P1BP/R1B2RK1 w kq - 0 19,-600.7152
1r4k1/p4pp1/P7/1P1pp2p/2rP1P2/1Rb1P1P1/2R5/7K b - - 1 35,-492.29004
rn3qk1/pp1bn1rp/3p2p1/3p1p2/1PP1pP1P/4P2N/PQ1N2P1/R3KB1R w KQ - 0 16,-177.33691
8/8/8/6p1/4K3/7p/5rk1/4R3 b - - 5 65,-402.37354
r2q1rk1/pb1pppb1/1pn3pp/7n/3PP3/2N1BNP1/PP3PBP/R2Q1RK1 b - - 3 12,56.277958
rn1qkb1r/p1p2ppp/bp2p1n1/2PpP3/1P1P4/3B1N2/P4PPP/RNBQK2R w KQkq - 1 9,13.787235
r4rk1/pp2bppp/8/2p3q1/3p1N2/3P2PP/PPP1QP2/R4RK1 b - - 3 16,-83.70227
rnbq1rk1/pppp1ppp/5n2/2b1p3/2P1P3/3P1N1P/PP3PP1/RNBQKB1R b KQ - 2 5,-38.84631
r2qr1k1/p1p2ppp/1p3n2/2nP4/8/PQ1P1NbP/1PP1N1P1/R1BK3R w - - 5 15,-282.90198
2kr3r/p1p4p/1Nn1q3/4pp2/5p2/Q1P2b1P/PP3PPN/3R1RK1 b - - 0 23,-44.528683
rnb1kbnr/pp3ppp/4p3/1N6/3p4/P7/1P2PPPP/R1B1KBNR b KQkq - 1 7,-127.25232
2rqr3/1Q3pbk/2p3p1/3p3p/3N4/3RPP1P/PP4P1/4R1K1 b - - 0 25,-0.66930807
1r3r2/p3k1pp/1bB5/4Rbq1/3n4/3P2B1/PP3PPP/2RQ3K b - - 0 22,-76.581665
rn3rk1/pbpp1p1p/1p3qp1/3P1P2/8/1PP2P1N/P5PP/bN1QKB1R w K - 1 11,-558.31323
r6r/ppp3pp/3b4/8/N1B1PK2/1P6/P1R5/4k3 w - - 1 31,-472.83655
2r5/4R3/k4p2/b5pp/P4p2/1R3P2/6PP/5K2 w - - 1 40,293.92883
r2q2k1/1R1n1pb1/p1QP3p/5bp1/2B1r3/4BN1P/P4PP1/5RK1 b - - 4 22,204.8324
r3k2r/ppp1b1p1/2np4/8/3P4/1NP1BBP1/5nK1/8 w kq - 0 23,-949.3104
r1bq1rk1/ppp2ppp/2np1n2/8/2B1P3/P1N5/1B3PPP/R2Q1RK1 w - - 0 11,-29.117306
rnbqkbnr/2p2p2/p3p3/1p1p2p1/3PP2p/P1P2P1P/1P1NN1P1/R1BQKB1R b KQkq - 1 8,35.908817
r1b1r1k1/1pp2ppp/p1pb2q1/4p3/4P3/2NP3P/PPP2PPN/R2Q1RK1 b - - 3 11,-22.789425
3r4/1p3p1p/3pk1p1/PR2p3/1Pr5/5P2/6PP/3R2K1 w - - 0 26,-194.91833
4kb1r/3qpppp/6b1/1p1Q4/1P4P1/4PP1P/rB5R/4K1N1 b k - 0 23,-576.48425
2k5/ppp3pp/8/8/8/PP6/2Prq1PP/2R2R1K w - - 3 25,-515.1477
2k2r1r/pbpp1pp1/1p6/3Pq2p/3bP3/P1N2QPB/1P1B1P1P/R3R1K1 b - - 1 20,411.65417
5rk1/1b3pp1/2p1p1p1/1pPp3q/pP1PnP2/P3PR1P/4Q1P1/2R1B1K1 b - - 6 30,23.707157
7k/pp6/6Q1/1PPpPrp1/7p/P5qP/4p1P1/R5K1 w - - 2 34,-38.972103
rnbq1rk1/1pp1bppp/p3pn2/8/2PP4/2N1BN2/PP2BPPP/R2Q1RK1 b - - 1 9,36.31531
8/4pp2/8/2kP2pp/1p6/5P1P/6P1/3R2K1 w - - 0 37,489.2223
8/1pk2p2/p1qr1p2/5Q1N/2p2P2/2P3P1/PP2R2P/6K1 w - - 3 31,525.9706
rn1q1rk1/pbp3bp/1p2p1p1/3p1p2/2PP4/1Pn1PP2/PB1NB1PP/R2Q1RK1 w - - 0 12,-63.28259
8/8/5pk1/7p/pR6/6KP/r7/8 b - - 5 49,-258.05664
r2qk1nr/pp2ppb1/2npb1p1/2p4p/4P3/2NPB1PP/PPPQ1PB1/R3K1NR w KQkq - 1 9,7.0418735
r2qr1k1/pp3p2/2p5/8/4p3/4b3/PPP2PP1/R3RK2 b - - 1 22,-914.7001
3n1rk1/2qb1pbp/1p1p2p1/1PpP4/2P2B2/3P2P1/Q5BP/2N3K1 w - - 2 25,-513.5404
2k3r1/p1R1pp2/8/1Q6/3P4/4Pq1P/PP3P1K/5R2 b - - 0 27,362.02686
r1bq1rk1/pppn1pp1/3b1n1p/4p1B1/2B1P3/2N2N2/PPP2PPP/R2Q1RK1 w - - 0 9,10.123417
1r6/5p1p/pPk1p1p1/P3P3/3P1P2/1R6/2K3PP/8 w - - 1 38,276.84265
2r3k1/R4ppp/4P3/p2b4/3N4/r7/6PP/4R2K b - - 0 30,-159.58875
5rk1/5pq1/4p1p1/3p2N1/2p2P1Q/r6P/8/2R2R1K w - - 2 38,101.87268
r4rk1/pp3p1p/3p1np1/q2P1N2/4n3/1P2B2P/P4PP1/R2Q1RK1 w - - 0 20,81.80432
r1b2rk1/pp2qpp1/2np2np/1Bp5/4Pp2/3P3P/PPP3PN/R1BQ1RK1 w - - 0 12,-62.05798
rnbq1rk1/5pp1/2p2n1p/3p3P/p2P1Q2/P4P2/1Pp3P1/1NKR1BNR w - - 0 17,-361.11
r2Q1r2/1p4k1/p4pp1/4n2p/8/3B1N1P/PPP2P2/3R1RK1 b - - 0 19,925.2728
r2q3r/pp1bkp2/n1ppp1pn/7p/4P3/PP1P1NPP/2P1NPB1/R2Q1RK1 w - - 1 15,148.94824
r1bqkb1r/ppp2ppp/3p1n2/8/3NP3/3P4/PPP2PPP/R1BQKB1R b KQkq - 0 7,20.540165
r1bqk2r/ppp2ppp/2np1n2/4p3/2N1P3/3P1N2/PPP2PPP/R2QKB1R w KQkq - 0 7,-29.267208
1n6/3b1k2/2p1p3/1p3pQ1/1q1P1P2/3B4/1PP4P/7K w - - 14 39,-115.03729
rnb1k2r/4q2p/2p1p1p1/pp1pN2n/3P4/2PB3P/PP3PP1/RN1QR1K1 b kq - 1 15,164.43079
r3k2r/pppqbppp/3p4/3Pp3/8/2PP1Q2/PP3PPP/R1B2RK1 w kq - 1 12,1.2850376
6k1/5ppp/p7/8/1p1p4/NP1B3P/P1P3P1/4K3 w - - 0 34,498.1007
r3k2r/pp1qbppp/2np1n2/2pNp3/P3P3/5P2/1PPPN1PP/R1BQK2R w KQkq - 3 9,-73.46179
r3k2r/p1p2ppp/2p2n2/3qp3/6b1/2BP1N2/PPP1QPPP/R3K2R b KQkq - 2 10,-35.760616
1r5k/3R1p2/p5p1/1p1P2p1/5n2/1PP4P/2P3P1/4R1K1 b - - 0 37,340.84564
r1b2rk1/p2p1ppp/1p2p3/3nP3/8/1P1B1N2/2P2PPP/1K1R3R w - - 1 18,-123.99756
5rk1/pp3pp1/2r4p/q3pP2/3p2PP/PQ1RnP2/1Pn1N3/1K3B1R w - - 2 22,-303.089
8/7p/2k5/1P3N2/P1P5/2r4P/5PP1/R5K1 b - - 0 43,688.8783
3qkr2/r3b1pp/p2pQ3/2pp1P2/6P1/2p5/P1P4P/RN2R1K1 b - - 0 21,-262.5927
2r5/5k2/1B3p2/2n1p3/2R3P1/P6P/5PK1/8 b - - 8 45,210.52588
r6B/pbpkq3/2pppp2/8/1nP1Q1P1/1P3N2/P2P1P1P/2KR3R w - - 1 19,578.50696
rb1qk2r/pp3ppp/2n1pn2/1N1p2Nb/3P4/4B2P/PPP1BPP1/R2Q1RK1 b kq - 5 11,-44.61047
rn2k2r/ppp4p/4p3/4Np2/3Pp2b/4P3/PPP2RqP/RNQ1K3 w Qkq - 2 17,-276.63806
r2qkb1r/pb1n1pp1/1p2p2p/1Npn4/2B1N3/P7/1PP1QPPP/R1B1K2R b KQkq - 1 11,-45.86291
r1b5/pp4kp/3pP1p1/8/1pB4n/2b5/P1P3PP/5RBK w - - 1 23,-415.15723
8/2p2p2/8/p2pkp1p/Pr1R3P/1P2PPP1/6K1/8 b - - 0 33,65.82739
r2qr1k1/2p2ppp/pb3n2/1p1pn1N1/1P3Nb1/1BP1P3/P1Q2PPP/R1B2RK1 b - - 5 15,-77.654175
r3k2r/7p/p6p/1p3p2/4b3/2B2P2/PP4PP/R3R1K1 b kq - 0 22,208.50323
rn1q1rk1/1ppb1ppp/p2b4/3n4/3P4/P3PQ1P/1P3PP1/R1B1KBNR w KQ - 0 10,-225.29382
2r5/7p/6p1/4Bp2/k2P1P2/p2K4/1p5P/3R4 b - - 1 37,-30.067623
r4rk1/pp1q2pp/2nbbn2/2p1pp2/3pP3/PP1P2PP/2PNNPBK/R1BQ1R2 w - - 2 15,-59.718014
1r1q4/p2b1pk1/1p4p1/2p5/2Pp3P/3PrPP1/PQ2PKB1/1R2R3 b - - 1 22,-106.305786
8/6p1/1pRp2kp/p7/3r4/4K3/PP6/8 b - - 3 33,-371.07758
r2q1rk1/4b1pp/1p2p3/1B1pPp2/2p1nP2/2P1PQP1/PB5P/1R2K2R b K - 0 17,-95.43201
r1b1kbnr/1ppp1ppp/p1n5/4p1q1/8/1P2PB2/PBPP1PPP/RN1QK1NR b KQkq - 3 5,-59.812374
r1bqk2r/pppnbppp/4pn2/8/2BP4/2N2N2/PPP2PPP/R1BQR1K1 b kq - 4 8,44.836308
r1bqkbnr/1p1p1ppp/p1n1p3/2P5/2B1P3/5N2/PPP2PPP/RNBQK2R b KQkq - 0 5,38.751347
r2q1rk1/p2n2pp/2p5/7n/1b3p2/1P3P2/PB1N3P/R2QK1NR w KQ - 2 21,-419.98035
8/7R/2k5/pp5P/8/2P5/K1P5/7r b - - 0 43,59.39536
r1bqkbnr/pp1ppp1p/2n3p1/2p5/8/3P2P1/PPPBPPBP/RN1QK1NR b KQkq - 2 4,-53.35046
r2qk2r/pppb2p1/3p1pn1/1BbN4/3nP2p/7P/PPP2PPB/R2Q1RK1 w kq - 0 15,-130.3374
2k3n1/p1N1r3/2pB2br/3p4/3P4/8/PPP4P/2KR3R b - - 2 24,241.58557
8/2p4Q/2kp4/1p1b4/1P4P1/3N3K/5P1P/3r4 b - - 0 34,424.28015
2kr4/1pp4p/p2p2p1/3P4/1P1R4/8/3K4/q3R3 b - - 3 36,-633.5509
8/5r2/PR6/8/1P4k1/8/4RKP1/8 w - - 1 49,785.9197
1n1qk1nr/1b3pbp/1p1Pp1p1/2P5/2N5/2P2NP1/r4PBP/3QR1K1 b k - 0 16,-630.56836
rnbq1rk1/pp3ppp/3bpn2/3p4/8/1BP2N2/PP1P1PPP/RNBQ1RK1 w - - 1 8,-94.62195
1r2k3/p3br1p/2p5/B3n2Q/2B1P3/8/P1q1NPPP/3RK2R w K - 2 26,463.6963
8/2k5/7R/1p1r4/1P6/P7/4K3/8 w - - 3 43,142.21167
6k1/pR6/4b2p/P1R5/2p1pp2/2P3KP/3r1PP1/8 w - - 0 37,228.91382
8/7p/2K1k3/8/5p1P/8/8/8 w - - 0 41,-119.07214
8/8/4p2N/p2k4/1p2n1K1/8/P7/8 w - - 0 47,-460.1422
6k1/1p3ppp/8/2p5/1P2np2/7P/1NK5/r7 w - - 0 37,-870.2106
8/8/8/8/8/1Kpb2R1/3k4/1r6 w - - 2 64,-81.08313
6rk/1p4qp/p7/5Q2/2P5/PP6/5PPP/5RK1 w - - 1 27,435.87024
r4rk1/p1pq2p1/2pp1bpp/8/4Pn2/2NQ3P/PPP2PP1/R1B1R1K1 w - - 3 18,-21.4071
2rr2k1/bp2qpp1/p1n2n1p/3p4/NP4b1/PQ2PN1P/1B2BPP1/2RR2K1 b - - 0 17,-48.506466
r1bq1rk1/pppn2bp/6p1/4p3/3P4/2P2N2/PP1BB1PP/R2Q1RK1 w - - 0 13,16.672733
8/5pk1/Q5p1/1p6/1P6/P3PNP1/2P1BP1P/6K1 b - - 0 32,2000.172
1n5r/Q3bk1p/6p1/2p2bq1/3pn3/5B2/PPP1NPPP/RNB2RK1 w - - 1 20,798.46545
1r3rk1/p1p1qpp1/2Qb1n1p/3p4/3P4/2N1P3/PP1B1PPP/1R2K2R w K - 3 15,-12.690792
2k2r2/2p5/p2b4/6Bp/2pP3P/2P1pN2/PP4P1/5K1R w - - 0 33,397.06628
2k2bnr/3r2pp/4Bp2/1bp5/8/4BN2/1P3PPP/3R2K1 w - - 2 25,-386.2614
6k1/p5pp/8/3B4/8/2r3PP/P4P2/4R1K1 b - - 1 24,486.82092
rn2kb1r/ppp1pppp/5n2/3q4/6b1/4PN2/PP1P1PPP/RNBQKB1R w KQkq - 0 5,7.0731235
8/3k4/6P1/5K2/8/8/8/6q1 w - - 1 79,-1032.132
r2qk2r/p4pb1/np1pbnpp/2p1p1N1/4P3/P1NPB2P/1PP1BPP1/R2Q1RK1 w kq - 0 11,77.93005
r2qkbnr/ppp2ppp/2np4/4P3/4P3/5B2/PPP2PPP/RNBQK2R b KQkq - 0 6,128.05139
2k1r3/2p4p/8/1pr1p3/5pb1/1P4P1/3N1P1P/3RR1K1 w - - 2 27,-247.66443
r3kb1r/4qppp/p1bp4/1p1nP3/P1pP1B2/N1P5/2B2PPP/R2Q1RK1 w kq - 1 16,101.833374
r5k1/1pp2ppp/pbbq2n1/3B4/2QP1p2/N1P2N2/PP3PPP/4R1K1 w - - 6 20,-91.40283
r4rk1/pppq1ppp/3b1n2/4p3/2PpP3/PP1P1B2/2QN1PPP/R4RK1 b - - 2 15,-36.378048
7r/ppk3pp/2p5/4p3/5n2/1B5P/PPP3P1/3R2K1 w - - 0 25,-46.739864
3r1rk1/1p2bppp/p4n2/2p5/P1P2P2/2Nq4/1P4PP/R1B1QR1K w - - 0 16,-175.43823
8/8/5kpp/4q3/6KP/8/8/8 w - - 2 55,-919.23694
8/5pk1/4p2p/3pP3/3P1QP1/1q3P2/4BK1P/8 w - - 1 37,493.50745
2k4r/R7/1P2p1p1/2P1p3/4K3/2PP1P2/3n3r/8 w - - 5 38,-518.8966
r1b2rk1/ppp2ppp/2nqpn2/8/2BP4/4PN2/PP1N1PPP/R2QK2R b KQ - 0 9,-11.287472
r4rk1/p3qpp1/5B1p/1pp5/4P2P/2N5/PPP1Q1P1/2KR3R b - - 0 18,498.15173
5r1k/8/5qp1/3Q3p/P1p5/6PK/2B4P/8 b - - 1 46,-371.2926
5rk1/pp4pp/8/3pP3/3PK3/7P/8/3R4 w - - 0 43,-276.01624
6r1/pp6/4k3/5R2/4p1P1/4K2P/PPP3P1/8 b - - 1 34,419.73865
8/8/8/1P1k2pp/3P4/2K3P1/7P/8 w - - 0 43,157.79773
r3kb1r/ppp1qppp/8/3nQ3/6b1/1PP2N2/1P1P1PPP/RNB2RK1 b kq - 0 11,90.890015
2k4r/1pp2ppp/4pB2/q7/4p3/8/5PPP/3R1RK1 b - - 0 19,-299.07837
8/R7/3p4/1pk5/p3r3/8/PP6/5K2 w - - 0 56,-289.81116
r1b2b1r/2q1kp1p/2p1pN2/p2p1p2/3P4/5Q2/PPP2PPP/RN3RK1 w - - 2 14,40.33289
4r1k1/5p1p/6p1/2B5/1P6/1r3P1P/6P1/5RK1 w - - 0 29,-141.62805
6r1/p5r1/1ppkp3/5p1p/P1PP1P2/4PKP1/8/5BR1 w - - 0 38,-189.47131
7r/k1p5/8/1p1R3p/p6P/5BP1/P4PK1/8 b - - 7 32,514.552
r1b1k2r/1p1p1Bp1/5n1p/2p1N3/3pP3/P2P4/5PPP/R3K2R b KQkq - 0 15,1.9871861
r1b1k1nr/ppp2pp1/2n1pq1p/2P5/4p3/3PBP1N/P1RKB1PP/3Q3R w kq - 0 16,-292.85095
r2r2k1/ppq1bpp1/4bn1p/P2pp3/1Pp5/2P1PN1P/4QPP1/RNBR2K1 b - - 1 17,-217.98059
rnbqkb1r/ppp2ppp/3p4/4P3/2P3n1/4P3/PP3PPP/RNBQKBNR w KQkq - 0 5,57.65491
8/8/8/7p/2B1K3/1Q1P2N1/2k3PP/8 b - - 12 59,2184.2966
2q1r1k1/4rpp1/R6p/3P4/1pP2Q2/7P/2P2PP1/R5K1 w - - 5 28,153.26086
r4k2/p7/npp1R3/3p1Np1/7p/1P1B3P/P1P1QPP1/q5K1 w - - 0 28,683.6007
r2qk2r/p1p3pp/8/3nP3/2p3b1/P3bN2/1P2KPPP/RN1Q3R w kq - 0 15,-193.86487
8/5pk1/4p1p1/3p4/r1p2P2/6P1/2K5/8 b - - 7 46,-782.08264
r2q1rk1/4nppp/3p1n2/1b2p3/4P3/3PBN2/4BPPP/1R1Q1RK1 w - - 0 18,16.417118
5Q2/pp6/k1pp4/8/8/2PRK1P1/PP4q1/R7 b - - 0 39,817.1554
5rk1/p4pp1/1p4rp/2p1p1P1/2PqN3/1P1PbRP1/P3B1K1/1R5Q b - - 0 25,269.79895
2kr3r/ppp2p1p/1nn3p1/2b1pb2/7q/2PP2NP/PPB2PP1/RNBQ1R1K b - - 1 12,-91.53235
8/8/p7/1p6/1Pkp4/1nP5/4N3/3K4 w - - 0 60,-255.15558
r2qk1r1/ppp2p2/3pbp1p/2b1p2Q/2BnP3/P1NP3P/1PP2PP1/R3K1NR w KQq - 2 11,16.369267
r1bqk2r/p1p3pp/2pb1n2/3ppPB1/8/3P1N2/PPP2PPP/RN1QK2R b KQkq - 1 8,-77.99231
2r1r1k1/7p/p1b1N1p1/1p1pBq2/2nP4/3Q1P2/PP4PP/2R1R1K1 w - - 1 32,136.61624
6k1/3K2p1/7p/n1p1pR1P/r1n5/1p6/8/8 w - - 0 41,-954.6964
rn2k2r/p1pp3p/1P2p1p1/8/1q6/8/PP5P/1K1R3R b kq - 0 19,-1075.3385
8/1b2kp2/1pB4R/p5p1/n1P5/4PN2/PP4PP/2K4R b - - 0 26,1022.81213
2r3k1/p1r2pp1/1p1b1q1p/3P4/2Pp4/1P1Q3P/3B1PP1/R4RK1 w - - 1 23,-63.50134
rnbqk1nr/pp2ppbp/2pp2p1/3P4/4PB2/8/PPP2PPP/RN1QKBNR w KQkq - 1 5,8.331425
r3k2r/pp1nbppp/1qn1p3/3p4/2pP1B2/2P1P3/PPQN1PPP/R3KB1R w KQkq - 2 11,-34.055294
2r3kb/3nrb1p/p4pp1/1p6/2p2B2/P1P2PNP/BP4P1/3R1RK1 w - - 2 29,22.636967
8/8/8/2r3k1/2P3P1/2R2K2/8/8 b - - 6 57,186.65277
r2qk2r/pb1pnpbp/1pn1p1p1/2p5/4P3/2PPBN2/PP1NBPPP/1R1QK2R w Kkq - 3 9,-25.194698
r1bq1rk1/ppp1nppp/5n2/3pp3/2BPP3/2N1PN2/PPP3PP/R2QK2R w KQ - 0 9,-10.967892
4r3/r3np1k/1p4p1/p3R3/P4B2/2P3P1/q4PBP/2Q1R1K1 w - - 4 32,642.7633
rn2k1nr/1b1p2pp/1q1ppp2/1N6/1PPP4/5P2/PB4PP/R2QKBNR w KQkq - 1 13,326.74695
7k/p5pn/1p5p/2ppq3/7P/BP6/P1P5/1K3b2 b - - 1 36,-1096.3121
rn3b1r/ppp1pk2/4bn1p/7q/2BP2p1/2N1P3/PP3PPP/R1BQK2R w KQ - 6 11,-54.366817
r1b1k2r/ppp1q1bp/5n2/3pN3/5B2/2P3P1/PP1NQ2P/R3K2R b KQkq - 4 14,-78.54968
r3r1k1/pppq1ppp/2nb1n2/3pp3/P5bN/1P1PP3/2PNBPPP/R1BQR1K1 b - - 4 10,-104.051636
3r1k2/5pp1/p2p3p/2pP4/P7/6B1/1rP1R2P/6K1 b - - 1 26,-500.92908
rnb1r1k1/4qppp/p2b1n2/Pp6/1PNNp3/B3P1P1/2Q2PBP/1R3RK1 b - - 0 18,-0.8553432
3r3k/6pp/p7/1p6/4B3/6QP/5PP1/3q2K1 w - - 2 35,-427.51428
r1bqkbnr/pppp1ppp/4p3/4P3/3n4/8/PPP2PPP/RNBQKBNR w KQkq - 0 4,-42.70422
2k5/p7/Pp1p1p2/1Pp1nPp1/2PpP1Q1/3P3r/4K3/1R6 b - - 0 36,455.87585
r1b2rk1/pp1n1pp1/2p1p2p/8/1PpPN3/4P3/1PQ1BPPP/q2NK2R w K - 2 14,-233.37512
r1b2rk1/3n3p/p2q2p1/1p3p2/3Pp3/1PN1P3/PK2N1PP/R4B1R w - - 0 25,-617.9142
r1bqkbnr/pp2pppp/2np4/2p5/2P1P3/3P4/PP3PPP/RNBQKBNR w KQkq - 1 4,-0.67589986
6k1/p4p2/1pn3pp/8/2P5/1P5P/P2r2r1/5R1K b - - 1 29,-934.9866
r3k2r/p4pbp/2pq1np1/2p1p1B1/3pP3/3P1QNP/PPP2PP1/R3K2R w KQkq - 4 14,-13.10693
r2qr1k1/p5pp/1pnpbn2/2p3N1/4P2P/2QPB3/PPP2PP1/RN2K2R b KQ - 4 14,-18.446651
r2q1rk1/p4ppp/1bp1p3/3n4/NP1P4/P3B3/5PPP/3R1RK1 w - - 3 18,-780.728
r2qk1nr/1bp2ppp/p1pp4/6b1/3NP3/2N3B1/PPP2PPP/R2Q1RK1 b kq - 6 10,45.326054
r1bqkbnr/pp2pppp/2np4/1Bp5/3PP3/2N5/PPP2PPP/R1BQK1NR b KQkq - 0 4,64.24695
5rk1/pq4pn/1p1bpr2/2p1n3/3pP2P/PP1P1N1R/1BPNQ3/2K2R2 b - - 7 22,81.36218
r2q1rk1/ppp1npp1/2nb3p/3p4/3P3B/2PQ1N1P/PP3PP1/RN3RK1 b - - 1 11,-46.073605
r1bqkb1r/pp3ppp/2n2n2/3p4/3P4/1Q4P1/PP3PBP/RNB1K1NR w KQkq - 2 9,-78.79065
1k1r3r/1p3bpp/pq6/2p2P1n/3pPP2/3Q3P/PP2N1B1/R4RK1 b - - 0 24,-62.94592
4r2k/1pp3p1/pNn1br1p/5pq1/5p2/1BP2Q1P/PP3PPN/R3R1K1 b - - 0 24,250.74866
